TIME,zhexi_in,xiaoxi_out,lengshuijiang_add,xinhua_add,zhexi_add
2015/7/1 0:00,210.717,185.0,0,3,9
2015/7/1 1:00,258.107,69.0,4,2,4
2015/7/1 2:00,430.351,70.0,0,0,0
2015/7/1 3:00,361.23900000000003,70.0,0,0,0
2015/7/1 4:00,369.476,70.0,0,0,0
2015/7/1 5:00,478.301,70.0,4,0,0
2015/7/1 6:00,389.45,70.0,0,0,1
2015/7/1 7:00,281.629,71.0,0,0,1
2015/7/1 8:00,318.221,70.0,1,0,0
2015/7/1 9:00,340.754,70.0,0,0,0
2015/7/1 10:00,239.387,71.0,0,0,0
2015/7/1 11:00,213.11599999999999,168.0,0,0,1
2015/7/1 12:00,185.238,184.0,0,0,0
2015/7/1 13:00,445.983,183.0,0,4,0
2015/7/1 14:00,180.24599999999998,182.0,4,2,0
2015/7/1 15:00,336.38699999999994,181.0,4,2,0
2015/7/1 16:00,345.912,186.0,0,4,0
2015/7/1 17:00,400.858,188.0,0,0,0
2015/7/1 18:00,358.184,186.0,0,0,0
2015/7/1 19:00,274.485,185.0,0,0,0
2015/7/1 20:00,274.14,185.0,1,1,0
2015/7/1 21:00,273.765,188.0,0,0,0
2015/7/1 22:00,228.3,189.0,0,0,0
2015/7/1 23:00,262.11,186.0,0,0,0
2015/7/2 0:00,299.723,185.0,0,0,0
2015/7/2 1:00,312.70599999999996,479.0,0,0,0
2015/7/2 2:00,265.002,492.0,0,0,0
2015/7/2 3:00,301.827,496.0,0,0,0
2015/7/2 4:00,366.67900000000003,74.0,0,0,0
2015/7/2 5:00,470.829,74.0,0,0,0
2015/7/2 6:00,452.46,73.0,0,0,0
2015/7/2 7:00,345.279,74.0,0,0,0
2015/7/2 8:00,471.82599999999996,74.0,0,0,0
2015/7/2 9:00,389.79900000000004,152.0,0,0,0
2015/7/2 10:00,450.361,633.0,0,0,0
2015/7/2 11:00,347.43,738.0,0,0,0
2015/7/2 12:00,353.059,736.0,0,0,0
2015/7/2 13:00,513.611,736.0,0,0,0
2015/7/2 14:00,470.49699999999996,735.0,0,0,0
2015/7/2 15:00,510.49699999999996,736.0,0,0,0
2015/7/2 16:00,384.716,733.0,0,1,0
2015/7/2 17:00,388.787,920.0,0,0,0
2015/7/2 18:00,361.24300000000005,1416.0,0,0,0
2015/7/2 19:00,291.777,1442.0,0,0,0
2015/7/2 20:00,294.873,1448.0,0,0,0
2015/7/2 21:00,380.475,1712.0,0,0,0
2015/7/2 22:00,423.48,1707.0,0,0,0
2015/7/2 23:00,461.598,1707.0,0,0,0
2015/7/3 0:00,691.133,2083.0,0,0,0
2015/7/3 1:00,785.841,2223.0,0,0,0
2015/7/3 2:00,972.5989999999999,2354.0,0,0,0
2015/7/3 3:00,1031.685,2355.0,0,0,0
2015/7/3 4:00,1311.62,2839.0,0,0,0
2015/7/3 5:00,1593.046,3062.0,0,0,0
2015/7/3 6:00,1641.5770000000002,3192.0,0,0,0
2015/7/3 7:00,1864.08,3520.0,0,0,0
2015/7/3 8:00,1981.921,3516.0,0,0,0
2015/7/3 9:00,2170.21,3641.0,0,0,1
2015/7/3 10:00,2134.137,3758.0,1,0,0
2015/7/3 11:00,2266.828,3880.0,0,0,0
2015/7/3 12:00,2316.5170000000003,3876.0,0,0,1
2015/7/3 13:00,2488.553,3762.0,0,0,1
2015/7/3 14:00,2748.217,3760.0,0,0,0
2015/7/3 15:00,2980.295,3744.0,4,2,0
2015/7/3 16:00,3283.938,3502.0,2,2,0
2015/7/3 17:00,3401.218,3295.0,2,0,0
2015/7/3 18:00,3787.744,3051.0,0,0,1
2015/7/3 19:00,4008.178,2811.0,0,0,1
2015/7/3 20:00,4162.97,2442.0,4,2,0
2015/7/3 21:00,4269.417,2556.0,0,0,6
2015/7/3 22:00,4509.456,2577.0,0,0,2
2015/7/3 23:00,4648.805,2340.0,0,0,0
2015/7/4 0:00,4640.816,2277.0,0,0,0
2015/7/4 1:00,4700.969,2212.0,0,0,0
2015/7/4 2:00,4707.319,2301.0,0,0,0
2015/7/4 3:00,4777.899,2033.0,0,0,0
2015/7/4 4:00,4641.6320000000005,2033.0,0,0,0
2015/7/4 5:00,4634.6140000000005,2094.0,0,0,0
2015/7/4 6:00,4528.52,2084.0,0,0,0
2015/7/4 7:00,4400.817,1781.0,0,0,0
2015/7/4 8:00,4232.042,1777.0,2,1,0
2015/7/4 9:00,4048.026,1853.0,0,1,0
2015/7/4 10:00,3916.348,1821.0,0,0,0
2015/7/4 11:00,3710.5009999999997,1822.0,0,0,0
2015/7/4 12:00,3607.349,1700.0,0,0,0
2015/7/4 13:00,3377.745,1437.0,0,0,0
2015/7/4 14:00,3370.583,1701.0,0,0,1
2015/7/4 15:00,3211.7859999999996,1820.0,0,2,0
2015/7/4 16:00,3037.882,1794.0,0,0,0
2015/7/4 17:00,2908.8179999999998,1832.0,0,0,0
2015/7/4 18:00,2620.214,1438.0,0,0,0
2015/7/4 19:00,2721.2209999999995,1431.0,0,0,0
2015/7/4 20:00,2637.5429999999997,1363.0,0,1,1
2015/7/4 21:00,2605.8089999999997,1176.0,0,0,0
2015/7/4 22:00,2628.953,969.0,0,0,0
2015/7/4 23:00,2588.827,1337.0,0,0,0
2015/7/5 0:00,2818.534,1476.0,0,0,0
2015/7/5 1:00,2673.993,1558.0,0,0,0
2015/7/5 2:00,2590.998,1664.0,0,0,0
2015/7/5 3:00,2497.725,1679.0,0,0,0
2015/7/5 4:00,2400.501,1677.0,0,0,0
2015/7/5 5:00,2344.92,1673.0,0,0,0
2015/7/5 6:00,2185.286,1733.0,0,0,0
2015/7/5 7:00,2089.121,1568.0,0,0,0
2015/7/5 8:00,2035.035,1566.0,0,0,0
2015/7/5 9:00,2159.413,1564.0,0,0,0
2015/7/5 10:00,2198.1929999999998,1355.0,0,0,0
2015/7/5 11:00,2294.26,1360.0,0,0,0
2015/7/5 12:00,2268.4,1284.0,0,0,0
2015/7/5 13:00,2450.574,1238.0,0,0,0
2015/7/5 14:00,2402.499,1028.0,0,0,0
2015/7/5 15:00,2389.222,1572.0,0,0,0
2015/7/5 16:00,2294.875,1440.0,0,0,0
2015/7/5 17:00,2280.735,1308.0,0,0,0
2015/7/5 18:00,2154.13,942.0,0,0,0
2015/7/5 19:00,2114.445,888.0,0,0,0
2015/7/5 20:00,2021.217,1161.0,0,0,1
2015/7/5 21:00,1799.727,1219.0,0,0,0
2015/7/5 22:00,1926.3,1079.0,0,0,0
2015/7/5 23:00,1844.358,1019.0,0,0,0
2015/7/6 0:00,2045.33,1021.0,0,1,0
2015/7/6 1:00,1832.3229999999999,1156.0,0,0,1
2015/7/6 2:00,1817.73,959.0,1,0,0
2015/7/6 3:00,1831.53,778.0,0,0,0
2015/7/6 4:00,1788.152,743.0,0,0,0
2015/7/6 5:00,1714.2620000000002,896.0,0,0,0
2015/7/6 6:00,1574.906,987.0,2,2,0
2015/7/6 7:00,1526.576,988.0,0,0,0
2015/7/6 8:00,1679.24,1013.0,0,0,0
2015/7/6 9:00,1523.9370000000001,1017.0,0,0,0
2015/7/6 10:00,1427.1760000000002,954.0,0,0,0
2015/7/6 11:00,1505.5520000000001,805.0,0,0,0
2015/7/6 12:00,1330.886,802.0,0,0,0
2015/7/6 13:00,1477.598,802.0,0,0,0
2015/7/6 14:00,1368.204,802.0,0,0,0
2015/7/6 15:00,1564.495,800.0,0,0,0
2015/7/6 16:00,1445.9379999999999,799.0,0,0,0
2015/7/6 17:00,1333.7479999999998,962.0,0,0,0
2015/7/6 18:00,1269.472,976.0,0,0,0
2015/7/6 19:00,1351.352,820.0,0,0,0
2015/7/6 20:00,1295.1680000000001,768.0,0,0,0
2015/7/6 21:00,1096.089,740.0,0,0,0
2015/7/6 22:00,1118.049,741.0,0,0,0
2015/7/6 23:00,1126.9360000000001,742.0,0,0,0
2015/7/7 0:00,1406.933,740.0,0,0,0
2015/7/7 1:00,1226.656,770.0,0,0,0
2015/7/7 2:00,1182.89,765.0,0,0,0
2015/7/7 3:00,1233.989,764.0,0,0,0
2015/7/7 4:00,1258.405,763.0,0,0,0
2015/7/7 5:00,1212.887,764.0,0,0,0
2015/7/7 6:00,1144.486,735.0,0,0,0
2015/7/7 7:00,1076.643,736.0,0,0,0
2015/7/7 8:00,995.6089999999999,737.0,0,0,0
2015/7/7 9:00,1074.107,735.0,0,0,0
2015/7/7 10:00,1044.407,739.0,0,0,0
2015/7/7 11:00,1075.754,741.0,0,0,0
2015/7/7 12:00,1116.734,742.0,0,0,0
2015/7/7 13:00,1003.7310000000001,741.0,0,0,0
2015/7/7 14:00,1148.643,727.0,0,0,0
2015/7/7 15:00,789.289,663.0,0,0,0
2015/7/7 16:00,1041.765,659.0,0,0,0
2015/7/7 17:00,912.627,659.0,0,0,0
2015/7/7 18:00,855.182,658.0,0,0,0
2015/7/7 19:00,839.551,660.0,0,0,0
2015/7/7 20:00,790.808,658.0,0,0,0
2015/7/7 21:00,1077.026,606.0,0,0,0
2015/7/7 22:00,855.154,599.0,0,0,0
2015/7/7 23:00,932.175,599.0,0,0,0
2015/7/8 0:00,980.057,603.0,0,0,0
2015/7/8 1:00,1114.065,506.0,0,0,0
2015/7/8 2:00,981.8560000000001,513.0,0,0,0
2015/7/8 3:00,966.039,514.0,0,0,0
2015/7/8 4:00,861.4860000000001,517.0,0,0,0
2015/7/8 5:00,884.19,513.0,0,0,0
2015/7/8 6:00,838.638,506.0,0,0,0
2015/7/8 7:00,735.176,507.0,0,0,0
2015/7/8 8:00,794.087,508.0,0,0,0
2015/7/8 9:00,808.778,508.0,0,0,0
2015/7/8 10:00,836.784,502.0,0,0,0
2015/7/8 11:00,695.448,480.0,0,0,0
2015/7/8 12:00,563.738,481.0,0,0,0
2015/7/8 13:00,733.3739999999999,481.0,0,0,0
2015/7/8 14:00,670.566,482.0,0,0,0
2015/7/8 15:00,655.408,482.0,0,0,0
2015/7/8 16:00,562.9119999999999,483.0,0,0,0
2015/7/8 17:00,595.72,484.0,0,0,0
2015/7/8 18:00,607.784,483.0,0,0,0
2015/7/8 19:00,471.194,483.0,0,0,0
2015/7/8 20:00,503.67400000000004,483.0,0,0,0
2015/7/8 21:00,474.20300000000003,486.0,0,0,0
2015/7/8 22:00,539.74,485.0,0,0,0
2015/7/8 23:00,544.04,486.0,0,0,0
2015/7/9 0:00,601.006,486.0,0,0,0
2015/7/9 1:00,650.488,484.0,0,0,0
2015/7/9 2:00,562.6990000000001,487.0,0,0,0
2015/7/9 3:00,636.953,488.0,0,0,0
2015/7/9 4:00,698.5830000000001,487.0,0,0,0
2015/7/9 5:00,641.789,488.0,0,0,0
2015/7/9 6:00,508.89599999999996,486.0,0,0,0
2015/7/9 7:00,417.231,487.0,0,0,0
2015/7/9 8:00,585.3009999999999,488.0,0,0,0
2015/7/9 9:00,492.843,487.0,0,0,0
2015/7/9 10:00,461.027,467.0,0,0,0
2015/7/9 11:00,401.538,425.0,0,0,0
2015/7/9 12:00,542.261,426.0,0,0,0
2015/7/9 13:00,737.5010000000001,428.0,0,0,0
2015/7/9 14:00,705.1460000000001,427.0,0,0,0
2015/7/9 15:00,675.6519999999999,427.0,0,0,0
2015/7/9 16:00,728.5219999999999,426.0,0,0,0
2015/7/9 17:00,696.4639999999999,426.0,0,0,0
2015/7/9 18:00,571.859,426.0,0,0,0
2015/7/9 19:00,366.24699999999996,436.0,0,0,0
2015/7/9 20:00,349.55,489.0,0,0,0
2015/7/9 21:00,355.18300000000005,489.0,0,0,0
2015/7/9 22:00,420.272,489.0,0,0,0
2015/7/9 23:00,388.704,491.0,0,0,0
2015/7/10 0:00,579.6709999999999,495.0,0,0,0
2015/7/10 1:00,553.627,291.0,0,0,0
2015/7/10 2:00,602.8009999999999,288.0,0,0,0
2015/7/10 3:00,634.24,291.0,0,0,0
2015/7/10 4:00,519.231,292.0,0,0,0
2015/7/10 5:00,658.11,288.0,0,0,0
2015/7/10 6:00,485.49699999999996,287.0,0,0,0
2015/7/10 7:00,621.8530000000001,288.0,0,0,1
2015/7/10 8:00,546.035,287.0,0,0,0
2015/7/10 9:00,448.121,286.0,0,0,0
2015/7/10 10:00,370.77099999999996,287.0,0,0,0
2015/7/10 11:00,393.347,357.0,0,0,0
2015/7/10 12:00,424.994,370.0,0,0,0
2015/7/10 13:00,330.805,370.0,0,0,0
2015/7/10 14:00,256.67,371.0,0,0,0
2015/7/10 15:00,267.08099999999996,369.0,0,0,0
2015/7/10 16:00,306.315,368.0,0,0,0
2015/7/10 17:00,210.84099999999998,389.0,0,0,0
2015/7/10 18:00,216.252,483.0,0,0,0
2015/7/10 19:00,342.281,486.0,0,0,0
2015/7/10 20:00,411.38,485.0,0,0,0
2015/7/10 21:00,426.231,483.0,0,0,0
2015/7/10 22:00,333.719,486.0,0,0,0
2015/7/10 23:00,339.225,484.0,0,0,0
2015/7/11 0:00,401.225,489.0,0,0,0
2015/7/11 1:00,254.808,291.0,0,0,0
2015/7/11 2:00,290.7,289.0,0,0,0
2015/7/11 3:00,349.472,288.0,0,0,0
2015/7/11 4:00,423.019,287.0,0,0,0
2015/7/11 5:00,454.705,287.0,0,0,0
2015/7/11 6:00,420.68,286.0,0,0,0
2015/7/11 7:00,415.847,286.0,0,0,0
2015/7/11 8:00,489.483,286.0,0,0,0
2015/7/11 9:00,420.626,285.0,0,0,0
2015/7/11 10:00,274.274,354.0,0,0,0
2015/7/11 11:00,171.199,372.0,0,0,0
2015/7/11 12:00,301.29900000000004,373.0,0,0,0
2015/7/11 13:00,481.335,373.0,0,0,0
2015/7/11 14:00,381.976,374.0,0,0,0
2015/7/11 15:00,272.786,372.0,0,0,0
2015/7/11 16:00,378.399,369.0,0,0,0
2015/7/11 17:00,547.321,369.0,0,0,0
2015/7/11 18:00,362.385,390.0,0,0,0
2015/7/11 19:00,323.147,480.0,0,0,0
2015/7/11 20:00,275.498,481.0,0,0,0
2015/7/11 21:00,477.034,487.0,0,0,0
2015/7/11 22:00,543.837,484.0,0,0,0
2015/7/11 23:00,503.037,486.0,0,0,0
2015/7/12 0:00,521.765,485.0,0,0,0
2015/7/12 1:00,497.106,291.0,0,0,0
2015/7/12 2:00,614.288,292.0,0,0,0
2015/7/12 3:00,537.8009999999999,287.0,0,0,0
2015/7/12 4:00,450.599,286.0,0,0,0
2015/7/12 5:00,614.411,286.0,0,0,0
2015/7/12 6:00,681.574,286.0,0,0,0
2015/7/12 7:00,630.74,286.0,0,0,0
2015/7/12 8:00,549.9590000000001,286.0,0,0,0
2015/7/12 9:00,646.85,286.0,0,0,0
2015/7/12 10:00,714.7760000000001,286.0,0,0,0
2015/7/12 11:00,422.88599999999997,285.0,0,0,0
2015/7/12 12:00,281.553,283.0,0,0,0
2015/7/12 13:00,431.83,371.0,0,0,0
2015/7/12 14:00,531.668,423.0,0,0,0
2015/7/12 15:00,526.908,423.0,0,0,0
2015/7/12 16:00,458.458,377.0,0,0,0
2015/7/12 17:00,618.161,375.0,0,0,0
2015/7/12 18:00,520.347,374.0,0,0,0
2015/7/12 19:00,310.597,375.0,0,0,0
2015/7/12 20:00,218.092,375.0,0,0,0
2015/7/12 21:00,239.456,374.0,0,0,0
2015/7/12 22:00,301.594,374.0,0,0,0
2015/7/12 23:00,213.56,375.0,0,0,0
2015/7/13 0:00,501.211,377.0,0,0,0
2015/7/13 1:00,667.2919999999999,211.0,0,0,0
2015/7/13 2:00,618.806,209.0,0,0,0
2015/7/13 3:00,630.119,206.0,0,0,0
2015/7/13 4:00,459.842,208.0,0,0,0
2015/7/13 5:00,531.101,206.0,0,0,0
2015/7/13 6:00,532.7919999999999,206.0,0,0,0
2015/7/13 7:00,379.963,206.0,0,0,0
2015/7/13 8:00,336.505,206.0,0,0,0
2015/7/13 9:00,234.64700000000002,206.0,0,0,0
2015/7/13 10:00,380.19599999999997,279.0,0,0,0
2015/7/13 11:00,371.319,284.0,0,0,0
2015/7/13 12:00,284.595,284.0,0,0,0
2015/7/13 13:00,237.859,285.0,0,0,0
2015/7/13 14:00,283.70599999999996,284.0,0,0,0
2015/7/13 15:00,313.55400000000003,286.0,0,0,0
2015/7/13 16:00,177.687,285.0,0,0,0
2015/7/13 17:00,359.07199999999995,257.0,0,0,0
2015/7/13 18:00,173.32299999999998,159.0,0,0,0
2015/7/13 19:00,231.486,159.0,0,0,0
2015/7/13 20:00,331.505,240.0,0,0,0
2015/7/13 21:00,228.362,395.0,0,0,0
2015/7/13 22:00,368.332,507.0,0,0,0
2015/7/13 23:00,133.07299999999998,510.0,0,0,0
2015/7/14 0:00,273.748,513.0,0,0,0
2015/7/14 1:00,405.135,188.0,0,0,0
2015/7/14 2:00,373.533,183.0,0,0,0
2015/7/14 3:00,410.87199999999996,183.0,0,0,0
2015/7/14 4:00,467.851,183.0,0,0,0
2015/7/14 5:00,426.064,183.0,0,0,0
2015/7/14 6:00,461.63,183.0,0,0,0
2015/7/14 7:00,367.241,184.0,0,0,0
2015/7/14 8:00,404.787,188.0,0,0,0
2015/7/14 9:00,473.455,184.0,0,0,0
2015/7/14 10:00,346.909,211.0,0,0,0
2015/7/14 11:00,411.32199999999995,211.0,0,0,0
2015/7/14 12:00,344.51199999999994,212.0,0,0,0
2015/7/14 13:00,342.781,213.0,0,0,0
2015/7/14 14:00,50.272,213.0,0,0,0
2015/7/14 15:00,208.63299999999998,213.0,0,0,0
2015/7/14 16:00,190.84799999999998,212.0,0,0,0
2015/7/14 17:00,277.95,212.0,0,0,0
2015/7/14 18:00,293.659,185.0,0,0,0
2015/7/14 19:00,175.28599999999997,185.0,0,0,0
2015/7/14 20:00,293.075,185.0,0,0,0
2015/7/14 21:00,139.898,186.0,0,0,0
2015/7/14 22:00,186.958,186.0,0,0,0
2015/7/14 23:00,216.798,186.0,0,0,0
2015/7/15 0:00,176.675,186.0,0,0,0
2015/7/15 1:00,270.519,201.0,0,0,0
2015/7/15 2:00,323.063,265.0,0,0,0
2015/7/15 3:00,230.68200000000002,264.0,0,0,0
2015/7/15 4:00,306.746,264.0,0,0,0
2015/7/15 5:00,210.047,264.0,0,0,0
2015/7/15 6:00,286.145,264.0,0,0,0
2015/7/15 7:00,247.03400000000002,264.0,0,0,0
2015/7/15 8:00,295.862,265.0,0,0,0
2015/7/15 9:00,395.3,264.0,0,0,0
2015/7/15 10:00,326.813,218.0,0,0,0
2015/7/15 11:00,337.56699999999995,202.0,0,0,0
2015/7/15 12:00,212.89,206.0,0,0,0
2015/7/15 13:00,338.98400000000004,206.0,0,0,0
2015/7/15 14:00,266.922,206.0,0,0,0
2015/7/15 15:00,249.66,206.0,0,0,0
2015/7/15 16:00,312.57,206.0,0,0,0
2015/7/15 17:00,317.041,208.0,0,0,0
2015/7/15 18:00,405.856,207.0,0,0,0
2015/7/15 19:00,353.342,207.0,0,0,0
2015/7/15 20:00,337.195,207.0,0,0,0
2015/7/15 21:00,331.539,207.0,0,0,0
2015/7/15 22:00,295.267,210.0,10,0,0
2015/7/15 23:00,399.621,210.0,0,0,0
2015/7/16 0:00,284.29400000000004,210.0,0,0,2
2015/7/16 1:00,262.719,203.0,0,0,0
2015/7/16 2:00,287.819,284.0,0,0,0
2015/7/16 3:00,289.035,284.0,0,0,0
2015/7/16 4:00,306.685,284.0,0,0,1
2015/7/16 5:00,259.027,522.0,0,0,0
2015/7/16 6:00,430.222,537.0,0,0,0
2015/7/16 7:00,399.36,544.0,0,0,0
2015/7/16 8:00,431.795,550.0,2,1,0
2015/7/16 9:00,486.506,547.0,1,1,0
2015/7/16 10:00,486.98800000000006,547.0,0,0,0
2015/7/16 11:00,486.98699999999997,212.0,0,0,0
2015/7/16 12:00,537.914,212.0,0,0,0
2015/7/16 13:00,588.841,211.0,0,0,0
2015/7/16 14:00,690.711,205.0,0,0,0
2015/7/16 15:00,730.7330000000001,206.0,0,0,0
2015/7/16 16:00,826.545,207.0,0,0,0
2015/7/16 17:00,826.545,207.0,0,0,0
2015/7/16 18:00,826.545,404.0,0,0,0
2015/7/16 19:00,775.6189999999999,426.0,0,0,0
2015/7/16 20:00,724.676,424.0,0,1,0
2015/7/16 21:00,622.8240000000001,424.0,0,0,0
2015/7/16 22:00,470.024,421.0,0,0,0
2015/7/16 23:00,470.024,421.0,0,0,0
2015/7/17 0:00,368.19599999999997,423.0,0,0,0
2015/7/17 1:00,419.316,378.0,0,0,0
2015/7/17 2:00,368.39099999999996,378.0,0,0,0
2015/7/17 3:00,419.311,378.0,0,0,0
2015/7/17 4:00,521.356,379.0,0,0,0
2015/7/17 5:00,521.354,378.0,0,0,0
2015/7/17 6:00,572.253,378.0,0,0,0
2015/7/17 7:00,623.175,377.0,0,0,0
2015/7/17 8:00,674.0980000000001,375.0,0,0,0
2015/7/17 9:00,674.123,375.0,0,0,0
2015/7/17 10:00,680.538,374.0,0,0,0
2015/7/17 11:00,673.0889999999999,375.0,0,0,0
2015/7/17 12:00,579.6619999999999,373.0,0,0,0
2015/7/17 13:00,630.394,374.0,0,0,0
2015/7/17 14:00,579.464,373.0,0,0,0
2015/7/17 15:00,579.46,373.0,0,0,0
2015/7/17 16:00,521.919,374.0,0,0,0
2015/7/17 17:00,529.363,375.0,0,0,0
2015/7/17 18:00,632.8290000000001,376.0,0,0,0
2015/7/17 19:00,508.909,375.0,0,0,0
2015/7/17 20:00,579.059,375.0,0,0,0
2015/7/17 21:00,598.212,375.0,0,0,0
2015/7/17 22:00,614.773,375.0,0,0,0
2015/7/17 23:00,614.789,377.0,0,0,0
2015/7/18 0:00,553.819,377.0,0,0,0
2015/7/18 1:00,575.882,199.0,0,0,0
2015/7/18 2:00,505.72900000000004,198.0,0,0,0
2015/7/18 3:00,486.55,198.0,0,0,0
2015/7/18 4:00,520.9119999999999,198.0,0,0,0
2015/7/18 5:00,520.893,199.0,0,0,0
2015/7/18 6:00,520.891,198.0,0,0,0
2015/7/18 7:00,520.915,198.0,0,0,0
2015/7/18 8:00,520.915,198.0,0,0,0
2015/7/18 9:00,485.18,198.0,0,0,0
2015/7/18 10:00,402.033,188.0,0,0,0
2015/7/18 11:00,388.34,187.0,0,0,0
2015/7/18 12:00,474.108,187.0,0,0,0
2015/7/18 13:00,410.06199999999995,188.0,0,0,0
2015/7/18 14:00,399.945,185.0,0,0,0
2015/7/18 15:00,327.097,181.0,0,0,0
2015/7/18 16:00,397.719,181.0,0,0,0
2015/7/18 17:00,346.483,181.0,0,0,0
2015/7/18 18:00,241.988,393.0,0,0,0
2015/7/18 19:00,292.35200000000003,411.0,0,0,0
2015/7/18 20:00,343.898,420.0,0,0,0
2015/7/18 21:00,400.32300000000004,423.0,0,0,0
2015/7/18 22:00,363.006,626.0,0,0,0
2015/7/18 23:00,319.684,644.0,0,0,0
2015/7/19 0:00,370.17699999999996,649.0,0,0,0
2015/7/19 1:00,313.119,211.0,0,0,0
2015/7/19 2:00,250.97099999999998,209.0,0,0,0
2015/7/19 3:00,283.724,208.0,0,0,0
2015/7/19 4:00,415.73,202.0,0,0,0
2015/7/19 5:00,505.796,202.0,0,0,0
2015/7/19 6:00,606.072,204.0,0,0,0
2015/7/19 7:00,654.231,244.0,0,0,0
2015/7/19 8:00,754.74,477.0,0,0,0
2015/7/19 9:00,701.48,478.0,0,0,0
2015/7/19 10:00,547.135,480.0,0,0,0
2015/7/19 11:00,509.63599999999997,287.0,0,0,0
2015/7/19 12:00,388.12199999999996,287.0,0,0,0
2015/7/19 13:00,360.207,287.0,0,0,0
2015/7/19 14:00,278.436,287.0,0,0,0
2015/7/19 15:00,294.06,286.0,0,0,0
2015/7/19 16:00,397.506,287.0,0,0,0
2015/7/19 17:00,433.24699999999996,287.0,0,0,0
2015/7/19 18:00,556.665,286.0,0,0,0
2015/7/19 19:00,537.381,286.0,0,0,0
2015/7/19 20:00,519.731,290.0,0,0,0
2015/7/19 21:00,556.957,216.0,0,0,0
2015/7/19 22:00,506.994,190.0,0,0,0
2015/7/19 23:00,405.52,189.0,0,0,0
2015/7/20 0:00,304.568,183.0,0,0,0
2015/7/20 1:00,354.705,184.0,0,0,0
2015/7/20 2:00,405.36199999999997,185.0,0,0,0
2015/7/20 3:00,406.955,184.0,0,0,0
2015/7/20 4:00,355.76,184.0,0,0,0
2015/7/20 5:00,407.31800000000004,185.0,0,0,0
2015/7/20 6:00,405.53,184.0,0,0,0
2015/7/20 7:00,353.32,185.0,0,0,0
2015/7/20 8:00,302.482,185.0,0,0,0
2015/7/20 9:00,249.27599999999998,184.0,0,0,0
2015/7/20 10:00,278.926,184.0,0,0,0
2015/7/20 11:00,197.227,209.0,0,0,0
2015/7/20 12:00,132.737,211.0,0,0,0
2015/7/20 13:00,229.924,211.0,0,0,0
2015/7/20 14:00,245.80200000000002,209.0,0,0,0
2015/7/20 15:00,268.726,205.0,2,0,0
2015/7/20 16:00,205.94400000000002,205.0,0,0,0
2015/7/20 17:00,305.133,205.0,2,0,0
2015/7/20 18:00,282.92400000000004,233.0,0,0,0
2015/7/20 19:00,203.021,371.0,0,0,0
2015/7/20 20:00,251.248,370.0,0,0,0
2015/7/20 21:00,313.85,371.0,0,0,0
2015/7/20 22:00,316.276,372.0,0,0,0
2015/7/20 23:00,319.546,379.0,0,0,0
2015/7/21 0:00,377.434,378.0,0,0,0
2015/7/21 1:00,379.56699999999995,206.0,0,0,0
2015/7/21 2:00,334.64599999999996,208.0,0,0,0
2015/7/21 3:00,321.976,208.0,0,0,0
2015/7/21 4:00,419.295,208.0,0,0,0
2015/7/21 5:00,466.941,208.0,0,0,0
2015/7/21 6:00,462.207,208.0,0,0,0
2015/7/21 7:00,510.976,208.0,0,0,0
2015/7/21 8:00,507.711,208.0,0,0,0
2015/7/21 9:00,454.608,208.0,0,0,0
2015/7/21 10:00,480.42900000000003,262.0,0,0,0
2015/7/21 11:00,399.358,431.0,0,0,0
2015/7/21 12:00,401.53,432.0,0,0,0
2015/7/21 13:00,365.43300000000005,193.0,0,0,0
2015/7/21 14:00,409.341,193.0,0,0,0
2015/7/21 15:00,348.25199999999995,187.0,0,0,0
2015/7/21 16:00,263.922,186.0,0,0,0
2015/7/21 17:00,215.63099999999997,186.0,6,0,0
2015/7/21 18:00,244.22799999999998,186.0,2,0,0
2015/7/21 19:00,248.80599999999998,186.0,0,0,0
2015/7/21 20:00,427.55300000000005,186.0,1,0,0
2015/7/21 21:00,486.976,186.0,0,0,0
2015/7/21 22:00,432.715,186.0,0,0,0
2015/7/21 23:00,523.2080000000001,186.0,0,0,0
2015/7/22 0:00,524.759,186.0,0,0,0
2015/7/22 1:00,384.23699999999997,196.0,0,0,0
2015/7/22 2:00,172.312,164.0,0,0,0
2015/7/22 3:00,181.53400000000002,164.0,0,0,0
2015/7/22 4:00,304.387,161.0,0,0,0
2015/7/22 5:00,249.697,158.0,0,0,0
2015/7/22 6:00,175.623,158.0,0,0,0
2015/7/22 7:00,307.23,158.0,0,0,0
2015/7/22 8:00,365.30300000000005,158.0,0,0,0
2015/7/22 9:00,376.606,158.0,0,0,0
2015/7/22 10:00,304.97,201.0,0,0,0
2015/7/22 11:00,287.106,205.0,0,0,0
2015/7/22 12:00,241.606,204.0,0,0,0
2015/7/22 13:00,394.415,205.0,0,0,0
2015/7/22 14:00,242.111,204.0,0,0,0
2015/7/22 15:00,277.63599999999997,244.0,0,0,0
2015/7/22 16:00,287.615,423.0,0,3,0
2015/7/22 17:00,331.851,423.0,12,10,0
2015/7/22 18:00,362.24699999999996,214.0,0,10,0
2015/7/22 19:00,186.16099999999997,211.0,0,0,0
2015/7/22 20:00,305.642,211.0,1,1,0
2015/7/22 21:00,288.495,211.0,0,0,0
2015/7/22 22:00,278.97700000000003,211.0,0,0,0
2015/7/22 23:00,378.361,211.0,0,0,1
2015/7/23 0:00,457.82,211.0,1,1,4
2015/7/23 1:00,582.7280000000001,187.0,0,2,4
2015/7/23 2:00,601.564,187.0,2,4,3
2015/7/23 3:00,615.998,187.0,4,4,6
2015/7/23 4:00,782.2189999999999,187.0,2,6,20
2015/7/23 5:00,802.398,187.0,2,4,8
2015/7/23 6:00,837.687,187.0,2,2,0
2015/7/23 7:00,789.3919999999999,187.0,0,0,1
2015/7/23 8:00,872.436,187.0,2,2,0
2015/7/23 9:00,900.454,187.0,0,1,0
2015/7/23 10:00,826.375,185.0,0,0,0
2015/7/23 11:00,754.4960000000001,235.0,0,0,0
2015/7/23 12:00,688.193,380.0,0,0,1
2015/7/23 13:00,777.285,396.0,0,6,1
2015/7/23 14:00,734.672,396.0,0,2,0
2015/7/23 15:00,803.305,397.0,0,2,1
2015/7/23 16:00,801.6339999999999,402.0,0,0,0
2015/7/23 17:00,853.875,403.0,0,2,1
2015/7/23 18:00,947.433,403.0,0,0,0
2015/7/23 19:00,986.938,349.0,0,0,0
2015/7/23 20:00,1030.048,349.0,1,0,0
2015/7/23 21:00,1070.855,349.0,0,0,0
2015/7/23 22:00,1069.887,349.0,0,0,0
2015/7/23 23:00,1123.728,349.0,3,0,0
2015/7/24 0:00,1123.5739999999998,349.0,2,0,0
2015/7/24 1:00,1122.683,374.0,6,2,0
2015/7/24 2:00,1068.499,377.0,4,4,0
2015/7/24 3:00,1060.8139999999999,379.0,0,4,0
2015/7/24 4:00,1100.49,416.0,0,0,0
2015/7/24 5:00,1080.1689999999999,600.0,0,0,0
2015/7/24 6:00,1057.713,598.0,0,0,0
2015/7/24 7:00,993.595,597.0,0,0,0
2015/7/24 8:00,1047.985,605.0,1,0,0
2015/7/24 9:00,1057.517,743.0,1,0,0
2015/7/24 10:00,1132.016,747.0,2,0,0
2015/7/24 11:00,1206.503,754.0,0,2,0
2015/7/24 12:00,1392.35,757.0,0,0,0
2015/7/24 13:00,1459.18,756.0,2,2,0
2015/7/24 14:00,1515.129,755.0,0,2,0
2015/7/24 15:00,1515.517,756.0,0,0,0
2015/7/24 16:00,1515.89,756.0,2,0,0
2015/7/24 17:00,1516.29,755.0,0,0,0
2015/7/24 18:00,1460.862,755.0,0,0,0
2015/7/24 19:00,1460.8829999999998,843.0,0,0,0
2015/7/24 20:00,1460.889,1173.0,0,0,0
2015/7/24 21:00,1461.598,1567.0,0,0,0
2015/7/24 22:00,1464.7910000000002,1578.0,0,0,0
2015/7/24 23:00,1468.34,1578.0,0,0,0
2015/7/25 0:00,1413.7839999999999,1578.0,0,0,0
2015/7/25 1:00,1413.2520000000002,1689.0,0,0,0
2015/7/25 2:00,1505.019,1691.0,0,0,0
2015/7/25 3:00,1596.0839999999998,1569.0,0,0,0
2015/7/25 4:00,1740.2089999999998,1568.0,0,0,0
2015/7/25 5:00,1828.4289999999999,1375.0,0,0,0
2015/7/25 6:00,2030.29,1375.0,0,0,0
2015/7/25 7:00,2178.141,1377.0,0,0,0
2015/7/25 8:00,2233.6910000000003,1378.0,0,0,0
2015/7/25 9:00,2295.489,1377.0,0,0,0
2015/7/25 10:00,2318.218,1377.0,0,0,0
2015/7/25 11:00,2341.448,1376.0,0,0,0
2015/7/25 12:00,2308.25,1374.0,0,0,0
2015/7/25 13:00,2277.105,1303.0,0,0,0
2015/7/25 14:00,2189.393,1307.0,0,0,0
2015/7/25 15:00,2150.411,1306.0,0,0,0
2015/7/25 16:00,2039.711,1244.0,0,0,0
2015/7/25 17:00,2041.5770000000002,874.0,0,0,0
2015/7/25 18:00,1943.985,887.0,0,0,0
2015/7/25 19:00,1891.457,888.0,0,0,0
2015/7/25 20:00,1945.658,888.0,0,0,0
2015/7/25 21:00,1894.0020000000002,886.0,0,0,0
2015/7/25 22:00,1835.269,894.0,0,0,0
2015/7/25 23:00,1754.602,891.0,0,0,0
2015/7/26 0:00,1663.175,892.0,0,0,0
2015/7/26 1:00,1580.164,1004.0,0,0,0
2015/7/26 2:00,1391.435,1010.0,0,0,0
2015/7/26 3:00,1309.145,813.0,0,0,0
2015/7/26 4:00,1289.163,810.0,0,0,0
2015/7/26 5:00,1233.619,754.0,0,0,0
2015/7/26 6:00,1289.172,731.0,0,0,0
2015/7/26 7:00,1289.149,733.0,0,0,0
2015/7/26 8:00,1344.681,732.0,0,0,0
2015/7/26 9:00,1303.052,737.0,0,0,0
2015/7/26 10:00,1264.4489999999998,735.0,0,0,0
2015/7/26 11:00,1220.73,735.0,0,0,0
2015/7/26 12:00,1177.017,734.0,0,0,0
2015/7/26 13:00,1133.329,735.0,0,0,0
2015/7/26 14:00,1089.664,734.0,0,0,0
2015/7/26 15:00,1087.577,736.0,0,0,0
2015/7/26 16:00,1083.614,735.0,0,0,0
2015/7/26 17:00,1032.964,737.0,0,0,0
2015/7/26 18:00,1044.943,737.0,0,0,0
2015/7/26 19:00,1002.138,743.0,0,0,0
2015/7/26 20:00,1005.73,744.0,0,0,0
2015/7/26 21:00,1008.79,738.0,0,0,0
2015/7/26 22:00,956.312,734.0,0,0,0
2015/7/26 23:00,1013.0889999999999,737.0,0,0,0
2015/7/27 0:00,1006.447,741.0,0,0,0
2015/7/27 1:00,1000.4580000000001,646.0,0,0,0
2015/7/27 2:00,1005.05,646.0,0,0,0
2015/7/27 3:00,1006.877,645.0,0,0,0
2015/7/27 4:00,999.413,644.0,0,0,0
2015/7/27 5:00,1036.982,646.0,0,0,0
2015/7/27 6:00,964.24,646.0,0,0,0
2015/7/27 7:00,945.6239999999999,646.0,0,0,0
2015/7/27 8:00,886.67,646.0,0,0,0
2015/7/27 9:00,834.315,649.0,0,0,0
2015/7/27 10:00,904.783,574.0,0,0,0
2015/7/27 11:00,815.319,575.0,0,0,0
2015/7/27 12:00,813.4739999999999,576.0,0,0,0
2015/7/27 13:00,889.847,576.0,0,0,0
2015/7/27 14:00,895.2439999999999,576.0,0,0,0
2015/7/27 15:00,899.303,438.0,0,4,0
2015/7/27 16:00,1008.3389999999999,438.0,0,14,7
2015/7/27 17:00,895.341,433.0,0,2,1
2015/7/27 18:00,917.6260000000001,434.0,0,0,0
2015/7/27 19:00,854.9069999999999,432.0,0,0,0
2015/7/27 20:00,853.863,429.0,0,1,0
2015/7/27 21:00,905.5,614.0,0,0,0
2015/7/27 22:00,685.293,632.0,0,0,0
2015/7/27 23:00,798.61,634.0,0,0,0
2015/7/28 0:00,744.3710000000001,633.0,0,0,0
2015/7/28 1:00,786.9910000000001,580.0,0,0,0
2015/7/28 2:00,710.413,494.0,0,0,0
2015/7/28 3:00,718.1030000000001,492.0,0,0,0
2015/7/28 4:00,898.357,492.0,0,0,0
2015/7/28 5:00,959.712,492.0,0,0,0
2015/7/28 6:00,1011.9810000000001,493.0,0,0,0
2015/7/28 7:00,974.216,493.0,0,0,0
2015/7/28 8:00,1048.268,494.0,0,0,0
2015/7/28 9:00,994.25,493.0,0,0,0
2015/7/28 10:00,881.822,588.0,0,0,0
2015/7/28 11:00,756.395,596.0,0,0,0
2015/7/28 12:00,774.341,597.0,0,0,0
2015/7/28 13:00,879.5060000000001,599.0,0,0,0
2015/7/28 14:00,903.015,600.0,0,0,0
2015/7/28 15:00,915.68,600.0,0,0,0
2015/7/28 16:00,857.14,600.0,0,0,0
2015/7/28 17:00,941.2310000000001,600.0,0,0,0
2015/7/28 18:00,946.762,599.0,0,0,0
2015/7/28 19:00,800.308,603.0,0,0,0
2015/7/28 20:00,806.9630000000001,603.0,0,0,0
2015/7/28 21:00,814.743,602.0,0,0,0
2015/7/28 22:00,889.81,603.0,0,0,0
2015/7/28 23:00,892.311,604.0,0,0,0
2015/7/29 0:00,826.699,603.0,0,0,0
2015/7/29 1:00,955.331,520.0,0,0,0
2015/7/29 2:00,946.1419999999999,521.0,0,0,0
2015/7/29 3:00,870.0010000000001,521.0,0,0,0
2015/7/29 4:00,922.471,520.0,0,0,0
2015/7/29 5:00,854.0169999999999,521.0,0,0,0
2015/7/29 6:00,919.398,522.0,0,0,0
2015/7/29 7:00,856.012,520.0,0,0,0
2015/7/29 8:00,792.222,520.0,0,0,0
2015/7/29 9:00,859.1489999999999,521.0,0,0,0
2015/7/29 10:00,729.635,445.0,0,0,0
2015/7/29 11:00,761.054,361.0,0,0,0
2015/7/29 12:00,694.9680000000001,352.0,0,0,0
2015/7/29 13:00,775.052,351.0,0,0,0
2015/7/29 14:00,788.985,353.0,0,0,0
2015/7/29 15:00,792.921,353.0,0,0,0
2015/7/29 16:00,793.9739999999999,350.0,0,0,0
2015/7/29 17:00,762.035,351.0,0,0,0
2015/7/29 18:00,697.846,427.0,0,0,0
2015/7/29 19:00,485.035,427.0,0,0,0
2015/7/29 20:00,471.30800000000005,427.0,0,0,0
2015/7/29 21:00,467.814,584.0,0,0,0
2015/7/29 22:00,468.88300000000004,599.0,0,0,0
2015/7/29 23:00,472.061,601.0,0,0,0
2015/7/30 0:00,596.625,601.0,0,0,0
2015/7/30 1:00,705.3860000000001,382.0,0,0,0
2015/7/30 2:00,683.189,382.0,0,0,0
2015/7/30 3:00,660.685,382.0,0,0,0
2015/7/30 4:00,701.862,382.0,0,0,0
2015/7/30 5:00,806.48,380.0,0,0,0
2015/7/30 6:00,788.9689999999999,380.0,0,0,0
2015/7/30 7:00,733.413,379.0,0,0,0
2015/7/30 8:00,688.919,378.0,0,0,0
2015/7/30 9:00,647.9259999999999,378.0,0,0,0
2015/7/30 10:00,543.673,379.0,0,0,0
2015/7/30 11:00,485.91,188.0,0,0,0
2015/7/30 12:00,445.969,186.0,0,0,0
2015/7/30 13:00,546.839,187.0,0,0,0
2015/7/30 14:00,702.6310000000001,187.0,0,0,0
2015/7/30 15:00,726.323,187.0,0,0,0
2015/7/30 16:00,683.908,185.0,0,0,0
2015/7/30 17:00,591.631,182.0,0,0,0
2015/7/30 18:00,471.205,404.0,0,0,0
2015/7/30 19:00,260.66200000000003,421.0,0,0,0
2015/7/30 20:00,113.696,424.0,0,0,0
2015/7/30 21:00,94.053,437.0,0,0,0
2015/7/30 22:00,204.155,436.0,0,0,0
2015/7/30 23:00,255.456,436.0,0,0,0
2015/7/31 0:00,319.517,436.0,0,0,0
2015/7/31 1:00,513.622,191.0,0,0,0
2015/7/31 2:00,578.896,185.0,0,0,0
2015/7/31 3:00,643.585,185.0,0,0,0
2015/7/31 4:00,643.0980000000001,185.0,0,0,0
2015/7/31 5:00,640.111,185.0,0,0,0
2015/7/31 6:00,700.5219999999999,185.0,0,0,0
2015/7/31 7:00,569.757,185.0,0,0,0
2015/7/31 8:00,437.87800000000004,185.0,0,0,0
2015/7/31 9:00,245.726,185.0,0,0,0
2015/7/31 10:00,253.412,185.0,0,0,0
2015/7/31 11:00,170.66400000000002,280.0,0,0,0
2015/7/31 12:00,123.04899999999999,286.0,0,0,0
2015/7/31 13:00,273.117,289.0,0,0,0
2015/7/31 14:00,304.42400000000004,287.0,0,0,0
2015/7/31 15:00,461.537,288.0,0,0,0
2015/7/31 16:00,353.353,283.0,0,0,0
2015/7/31 17:00,391.02,284.0,0,0,0
2015/7/31 18:00,398.54400000000004,283.0,0,0,0
2015/7/31 19:00,334.121,300.0,0,0,0
2015/7/31 20:00,387.24800000000005,399.0,0,0,0
2015/7/31 21:00,317.02299999999997,401.0,0,0,0
2015/7/31 22:00,376.18199999999996,399.0,0,0,0
2015/7/31 23:00,374.58099999999996,399.0,0,0,0
2015/8/1 0:00,424.88300000000004,403.0,0,0,0
2015/8/1 1:00,349.89099999999996,191.0,0,0,0
2015/8/1 2:00,460.023,190.0,0,0,0
2015/8/1 3:00,436.30300000000005,190.0,0,0,0
2015/8/1 4:00,479.161,189.0,0,0,0
2015/8/1 5:00,527.305,185.0,0,0,0
2015/8/1 6:00,450.69599999999997,184.0,0,0,0
2015/8/1 7:00,504.79400000000004,185.0,0,0,0
2015/8/1 8:00,374.884,185.0,0,0,0
2015/8/1 9:00,376.29900000000004,185.0,0,0,0
2015/8/1 10:00,244.106,188.0,0,0,0
2015/8/1 11:00,177.042,188.0,0,0,0
2015/8/1 12:00,212.497,184.0,0,0,0
2015/8/1 13:00,229.16,185.0,0,0,0
2015/8/1 14:00,230.577,185.0,0,0,0
2015/8/1 15:00,294.065,185.0,0,0,0
2015/8/1 16:00,422.98900000000003,185.0,0,0,0
2015/8/1 17:00,425.54699999999997,185.0,0,0,0
2015/8/1 18:00,392.295,282.0,0,0,0
2015/8/1 19:00,374.778,283.0,0,0,0
2015/8/1 20:00,308.316,286.0,0,0,0
2015/8/1 21:00,191.24200000000002,288.0,0,0,0
2015/8/1 22:00,212.24099999999999,288.0,0,0,0
2015/8/1 23:00,223.391,287.0,0,0,0
2015/8/2 0:00,222.45,287.0,0,0,0
2015/8/2 1:00,224.207,206.0,0,0,0
2015/8/2 2:00,397.963,207.0,0,0,0
2015/8/2 3:00,517.8,207.0,0,0,0
2015/8/2 4:00,416.98800000000006,207.0,0,0,0
2015/8/2 5:00,393.62199999999996,207.0,0,0,0
2015/8/2 6:00,383.42,207.0,0,0,0
2015/8/2 7:00,365.586,207.0,0,0,0
2015/8/2 8:00,495.195,207.0,0,0,0
2015/8/2 9:00,405.42199999999997,207.0,0,0,0
2015/8/2 10:00,465.48199999999997,207.0,0,0,0
2015/8/2 11:00,435.333,207.0,0,0,0
2015/8/2 12:00,356.29900000000004,206.0,0,0,0
2015/8/2 13:00,231.36599999999999,207.0,0,0,0
2015/8/2 14:00,13.925,207.0,0,0,0
2015/8/2 15:00,100.939,208.0,0,0,0
2015/8/2 16:00,183.894,207.0,0,0,0
2015/8/2 17:00,287.39599999999996,207.0,0,0,0
2015/8/2 18:00,373.685,207.0,0,0,0
2015/8/2 19:00,514.988,207.0,0,0,0
2015/8/2 20:00,492.095,204.0,0,0,0
2015/8/2 21:00,341.913,206.0,0,0,0
2015/8/2 22:00,270.70799999999997,206.0,0,0,0
2015/8/2 23:00,162.714,206.0,0,0,0
2015/8/3 0:00,287.264,206.0,0,0,0
2015/8/3 1:00,279.623,207.0,0,0,0
2015/8/3 2:00,261.096,207.0,0,0,0
2015/8/3 3:00,313.94599999999997,206.0,0,0,0
2015/8/3 4:00,287.301,207.0,0,0,0
2015/8/3 5:00,354.195,206.0,0,0,0
2015/8/3 6:00,238.047,207.0,0,0,0
2015/8/3 7:00,189.67700000000002,207.0,0,0,0
2015/8/3 8:00,282.357,206.0,0,0,0
2015/8/3 9:00,399.316,206.0,0,0,0
2015/8/3 10:00,319.337,206.0,0,0,0
2015/8/3 11:00,319.246,207.0,0,0,0
2015/8/3 12:00,247.558,206.0,0,0,0
2015/8/3 13:00,206.204,207.0,0,0,0
2015/8/3 14:00,195.33599999999998,207.0,0,0,0
2015/8/3 15:00,155.761,206.0,0,0,0
2015/8/3 16:00,252.908,207.0,0,0,0
2015/8/3 17:00,278.515,207.0,0,0,0
2015/8/3 18:00,325.587,206.0,0,0,0
2015/8/3 19:00,397.42400000000004,207.0,0,0,0
2015/8/3 20:00,326.889,276.0,0,0,0
2015/8/3 21:00,281.247,282.0,0,0,0
2015/8/3 22:00,242.192,283.0,0,0,0
2015/8/3 23:00,210.896,285.0,0,0,0
2015/8/4 0:00,326.248,286.0,0,0,0
2015/8/4 1:00,353.915,187.0,0,0,0
2015/8/4 2:00,363.392,186.0,0,0,0
2015/8/4 3:00,361.99199999999996,186.0,0,0,0
2015/8/4 4:00,277.41200000000003,185.0,0,0,0
2015/8/4 5:00,369.389,183.0,0,0,0
2015/8/4 6:00,315.726,183.0,0,0,0
2015/8/4 7:00,227.938,183.0,0,0,0
2015/8/4 8:00,271.635,183.0,0,0,0
2015/8/4 9:00,316.476,183.0,0,0,0
2015/8/4 10:00,437.88,183.0,0,0,0
2015/8/4 11:00,335.441,183.0,0,0,0
2015/8/4 12:00,192.68599999999998,182.0,0,0,0
2015/8/4 13:00,187.908,182.0,0,0,0
2015/8/4 14:00,199.426,182.0,0,0,0
2015/8/4 15:00,145.381,182.0,0,0,0
2015/8/4 16:00,151.86700000000002,182.0,0,0,0
2015/8/4 17:00,183.908,182.0,0,11,0
2015/8/4 18:00,330.00199999999995,182.0,0,0,0
2015/8/4 19:00,330.009,182.0,0,0,0
2015/8/4 20:00,303.53,182.0,0,0,0
2015/8/4 21:00,278.46299999999997,183.0,0,0,0
2015/8/4 22:00,262.028,182.0,0,0,0
2015/8/4 23:00,259.558,182.0,0,0,0
2015/8/5 0:00,231.639,186.0,0,0,0
2015/8/5 1:00,273.44,186.0,0,0,0
2015/8/5 2:00,223.576,186.0,0,0,0
2015/8/5 3:00,237.827,187.0,0,0,0
2015/8/5 4:00,182.92,187.0,0,0,0
2015/8/5 5:00,126.36200000000001,187.0,0,0,0
2015/8/5 6:00,86.119,187.0,0,0,0
2015/8/5 7:00,113.928,187.0,0,0,0
2015/8/5 8:00,178.967,187.0,0,0,0
2015/8/5 9:00,243.834,187.0,0,0,0
2015/8/5 10:00,243.857,185.0,0,0,0
2015/8/5 11:00,265.19599999999997,183.0,0,0,0
2015/8/5 12:00,244.96599999999998,183.0,0,0,0
2015/8/5 13:00,212.25,182.0,0,0,0
2015/8/5 14:00,328.606,182.0,0,0,0
2015/8/5 15:00,381.85,182.0,0,0,0
2015/8/5 16:00,302.075,348.0,0,0,0
2015/8/5 17:00,402.134,363.0,0,0,0
2015/8/5 18:00,282.256,364.0,0,0,0
2015/8/5 19:00,232.917,365.0,0,0,0
2015/8/5 20:00,101.311,363.0,0,0,0
2015/8/5 21:00,22.0,369.0,0,0,0
2015/8/5 22:00,243.092,187.0,0,0,0
2015/8/5 23:00,260.22,183.0,0,0,0
2015/8/6 0:00,592.553,183.0,0,0,0
2015/8/6 1:00,629.376,186.0,0,0,0
2015/8/6 2:00,644.368,187.0,0,0,0
2015/8/6 3:00,650.361,187.0,0,0,0
2015/8/6 4:00,399.595,187.0,0,0,0
2015/8/6 5:00,196.053,187.0,0,0,0
2015/8/6 6:00,30.81,187.0,0,0,0
2015/8/6 7:00,48.994,187.0,0,0,0
2015/8/6 8:00,113.825,187.0,0,1,0
2015/8/6 9:00,178.465,187.0,0,0,0
2015/8/6 10:00,253.077,187.0,0,0,0
2015/8/6 11:00,353.024,187.0,0,0,0
2015/8/6 12:00,419.647,183.0,0,0,0
2015/8/6 13:00,414.339,184.0,0,0,0
2015/8/6 14:00,341.89300000000003,191.0,0,0,0
2015/8/6 15:00,347.05199999999996,187.0,0,0,0
2015/8/6 16:00,329.13300000000004,186.0,0,0,0
2015/8/6 17:00,286.48400000000004,183.0,0,0,0
2015/8/6 18:00,211.174,183.0,0,0,7
2015/8/6 19:00,143.893,183.0,0,0,1
2015/8/6 20:00,208.31799999999998,183.0,0,0,0
2015/8/6 21:00,198.426,183.0,0,0,0
2015/8/6 22:00,214.389,183.0,0,0,0
2015/8/6 23:00,232.503,183.0,0,0,0
2015/8/7 0:00,268.756,183.0,0,0,0
2015/8/7 1:00,277.14799999999997,183.0,0,0,0
2015/8/7 2:00,220.94400000000002,184.0,0,0,0
2015/8/7 3:00,161.467,186.0,0,0,0
2015/8/7 4:00,154.196,187.0,0,0,0
2015/8/7 5:00,144.179,187.0,0,0,0
2015/8/7 6:00,181.979,187.0,0,0,0
2015/8/7 7:00,181.96400000000003,187.0,0,0,0
2015/8/7 8:00,181.99599999999998,187.0,0,0,0
2015/8/7 9:00,246.774,187.0,0,0,0
2015/8/7 10:00,311.615,219.0,0,0,0
2015/8/7 11:00,370.57199999999995,370.0,0,0,0
2015/8/7 12:00,216.55200000000002,374.0,0,0,0
2015/8/7 13:00,335.05400000000003,373.0,0,0,0
2015/8/7 14:00,250.386,372.0,0,0,0
2015/8/7 15:00,353.876,374.0,12,0,0
2015/8/7 16:00,327.86,378.0,0,0,0
2015/8/7 17:00,372.333,377.0,0,0,0
2015/8/7 18:00,552.601,187.0,0,0,0
2015/8/7 19:00,510.38,187.0,0,0,0
2015/8/7 20:00,620.0269999999999,187.0,1,0,0
2015/8/7 21:00,386.506,187.0,0,0,0
2015/8/7 22:00,462.86699999999996,186.0,0,0,0
2015/8/7 23:00,447.691,186.0,0,0,0
2015/8/8 0:00,486.345,186.0,0,0,0
2015/8/8 1:00,410.07199999999995,158.0,0,0,0
2015/8/8 2:00,320.237,80.0,0,0,0
2015/8/8 3:00,385.458,79.0,0,0,0
2015/8/8 4:00,270.323,80.0,0,0,0
2015/8/8 5:00,182.08599999999998,80.0,0,0,0
2015/8/8 6:00,52.379,80.0,0,0,0
2015/8/8 7:00,117.22399999999999,81.0,0,0,0
2015/8/8 8:00,182.05,80.0,0,0,0
2015/8/8 9:00,311.749,74.0,0,0,0
2015/8/8 10:00,311.754,73.0,0,0,0
2015/8/8 11:00,311.733,74.0,0,0,0
2015/8/8 12:00,291.73,74.0,0,0,0
2015/8/8 13:00,357.611,73.0,0,0,0
2015/8/8 14:00,228.002,73.0,0,0,0
2015/8/8 15:00,163.144,73.0,0,0,0
2015/8/8 16:00,98.287,73.0,0,3,0
2015/8/8 17:00,98.255,75.0,0,0,0
2015/8/8 18:00,183.23,168.0,0,0,0
2015/8/8 19:00,52.303000000000004,183.0,0,0,0
2015/8/8 20:00,116.90700000000001,183.0,0,0,0
2015/8/8 21:00,52.062,183.0,0,0,0
2015/8/8 22:00,181.731,200.0,0,0,0
2015/8/8 23:00,181.771,292.0,0,0,0
2015/8/9 0:00,181.65200000000002,291.0,0,0,0
2015/8/9 1:00,181.821,264.0,0,0,0
2015/8/9 2:00,246.833,264.0,0,0,0
2015/8/9 3:00,246.827,264.0,0,0,0
2015/8/9 4:00,246.804,184.0,0,0,0
2015/8/9 5:00,311.586,183.0,0,0,0
2015/8/9 6:00,311.749,183.0,0,0,0
2015/8/9 7:00,311.759,183.0,0,0,0
2015/8/9 8:00,311.781,183.0,0,0,0
2015/8/9 9:00,376.82300000000004,183.0,0,0,0
2015/8/9 10:00,377.029,183.0,0,0,0
2015/8/9 11:00,377.06199999999995,183.0,0,0,0
2015/8/9 12:00,312.078,183.0,0,0,0
2015/8/9 13:00,247.456,183.0,0,0,0
2015/8/9 14:00,182.607,183.0,0,0,0
2015/8/9 15:00,182.59,183.0,0,0,5
2015/8/9 16:00,182.576,183.0,0,0,0
2015/8/9 17:00,182.74900000000002,184.0,4,0,0
2015/8/9 18:00,247.717,261.0,0,0,0
2015/8/9 19:00,312.369,267.0,0,0,0
2015/8/9 20:00,312.402,267.0,0,0,0
2015/8/9 21:00,312.432,267.0,0,0,0
2015/8/9 22:00,312.25,267.0,0,0,0
2015/8/9 23:00,247.43200000000002,266.0,0,0,0
2015/8/10 0:00,247.265,267.0,0,0,0
2015/8/10 1:00,247.429,185.0,0,0,3
2015/8/10 2:00,312.195,185.0,0,0,2
2015/8/10 3:00,311.975,185.0,0,0,0
2015/8/10 4:00,376.775,185.0,0,0,0
2015/8/10 5:00,376.577,185.0,0,0,0
2015/8/10 6:00,376.587,185.0,0,0,0
2015/8/10 7:00,441.212,184.0,0,0,0
2015/8/10 8:00,376.415,184.0,0,1,0
2015/8/10 9:00,311.597,184.0,0,0,0
2015/8/10 10:00,181.958,184.0,0,0,0
2015/8/10 11:00,181.958,184.01597969999997,0,0,0
2015/8/10 12:00,181.958,184.05124819999997,0,0,0
2015/8/10 13:00,181.958,184.1056048,0,0,0
2015/8/10 14:00,181.958,184.17904950000002,0,0,0
2015/8/10 15:00,181.958,184.22975490000002,0,0,0
2015/8/10 16:00,181.958,184.2158934,0,0,0
2015/8/10 17:00,181.958,184.1374651,0,0,0
2015/8/10 18:00,376.20599999999996,184.0,0,0,0
2015/8/10 19:00,376.506,184.0,0,0,0
2015/8/10 20:00,246.886,185.0,0,0,0
2015/8/10 21:00,257.988,184.0,0,0,0
2015/8/10 22:00,323.156,184.0,0,0,0
2015/8/10 23:00,258.123,184.0,0,0,0
2015/8/11 0:00,258.069,184.0,0,0,0
2015/8/11 1:00,193.033,184.0,0,0,0
2015/8/11 2:00,257.856,185.0,0,0,0
2015/8/11 3:00,246.782,185.0,0,0,0
2015/8/11 4:00,246.60299999999998,185.0,0,0,0
2015/8/11 5:00,246.63,184.0,0,0,0
2015/8/11 6:00,246.68599999999998,184.0,0,0,0
2015/8/11 7:00,311.73,184.0,0,0,0
2015/8/11 8:00,376.55,184.0,0,0,0
2015/8/11 9:00,376.54,184.0,0,0,0
2015/8/11 10:00,316.31,189.0,0,0,0
2015/8/11 11:00,340.4,170.0,0,0,0
2015/8/11 12:00,295.53,78.0,0,0,0
2015/8/11 13:00,253.92,78.0,0,0,0
2015/8/11 14:00,142.8,77.0,0,0,0
2015/8/11 15:00,227.72,78.0,0,0,0
2015/8/11 16:00,243.82,78.0,0,0,0
2015/8/11 17:00,241.29,78.0,0,0,0
2015/8/11 18:00,241.69,191.0,0,0,0
2015/8/11 19:00,238.77,207.0,0,0,0
2015/8/11 20:00,176.9,208.0,0,0,0
2015/8/11 21:00,112.98,208.0,0,0,0
2015/8/11 22:00,113.78,208.0,0,0,0
2015/8/11 23:00,114.069,208.0,0,0,0
2015/8/12 0:00,178.77900000000002,208.0,0,0,0
2015/8/12 1:00,178.804,69.0,0,0,0
2015/8/12 2:00,244.87,75.0,0,0,0
2015/8/12 3:00,309.443,75.0,0,0,0
2015/8/12 4:00,373.923,75.0,0,0,0
2015/8/12 5:00,356.858,75.0,0,0,0
2015/8/12 6:00,336.555,74.0,0,0,0
2015/8/12 7:00,251.197,74.0,0,0,0
2015/8/12 8:00,163.64700000000002,74.0,0,0,0
2015/8/12 9:00,143.07299999999998,74.0,0,0,0
2015/8/12 10:00,26.616999999999997,195.0,0,0,0
2015/8/12 11:00,63.202,197.0,0,0,0
2015/8/12 12:00,83.079,197.0,0,0,0
2015/8/12 13:00,184.37900000000002,197.0,0,0,0
2015/8/12 14:00,287.969,197.0,0,0,0
2015/8/12 15:00,195.81400000000002,197.0,0,0,0
2015/8/12 16:00,326.177,198.0,0,0,0
2015/8/12 17:00,257.001,199.0,0,1,0
2015/8/12 18:00,207.813,199.0,0,0,0
2015/8/12 19:00,213.842,198.0,0,0,0
2015/8/12 20:00,212.726,199.0,0,0,0
2015/8/12 21:00,280.068,199.0,0,0,0
2015/8/12 22:00,215.63400000000001,200.0,0,0,0
2015/8/12 23:00,220.236,199.0,0,0,0
2015/8/13 0:00,282.601,199.0,0,0,0
2015/8/13 1:00,275.735,199.0,0,0,0
2015/8/13 2:00,340.531,200.0,0,0,0
2015/8/13 3:00,379.452,74.0,0,0,0
2015/8/13 4:00,344.16,75.0,1,0,0
2015/8/13 5:00,367.147,75.0,6,10,0
2015/8/13 6:00,269.295,75.0,6,32,0
2015/8/13 7:00,233.653,74.0,8,10,0
2015/8/13 8:00,196.018,108.0,20,6,0
2015/8/13 9:00,246.533,285.0,4,6,2
2015/8/13 10:00,261.983,322.0,0,0,1
2015/8/13 11:00,178.949,508.0,0,0,0
2015/8/13 12:00,288.719,511.0,0,0,0
2015/8/13 13:00,501.655,512.0,0,0,0
2015/8/13 14:00,631.315,550.0,0,0,1
2015/8/13 15:00,825.4060000000001,739.0,0,0,0
2015/8/13 16:00,1062.433,744.0,0,0,0
2015/8/13 17:00,1398.07,742.0,0,0,0
2015/8/13 18:00,1418.293,813.0,0,0,0
2015/8/13 19:00,1349.2979999999998,1222.0,0,0,0
2015/8/13 20:00,1364.6729999999998,1215.0,0,0,0
2015/8/13 21:00,1248.726,1228.0,0,0,0
2015/8/13 22:00,1200.565,1100.0,0,0,0
2015/8/13 23:00,1200.378,1101.0,0,0,0
2015/8/14 0:00,1257.993,967.0,0,0,0
2015/8/14 1:00,1366.7160000000001,839.0,0,0,0
2015/8/14 2:00,1425.299,807.0,0,0,0
2015/8/14 3:00,1552.503,806.0,0,0,0
2015/8/14 4:00,1551.505,823.0,0,0,0
2015/8/14 5:00,1500.751,877.0,0,0,0
2015/8/14 6:00,1450.4489999999998,883.0,0,0,0
2015/8/14 7:00,1401.559,860.0,0,0,0
2015/8/14 8:00,1303.8980000000001,953.0,0,0,0
2015/8/14 9:00,933.4780000000001,980.0,0,0,0
2015/8/14 10:00,897.405,972.0,1,4,0
2015/8/14 11:00,927.804,822.0,32,6,0
2015/8/14 12:00,1149.012,781.0,0,0,0
2015/8/14 13:00,1173.481,776.0,0,0,0
2015/8/14 14:00,1168.704,776.0,0,0,3
2015/8/14 15:00,1368.589,774.0,0,0,0
2015/8/14 16:00,1430.6589999999999,775.0,0,0,0
2015/8/14 17:00,1429.0339999999999,775.0,0,0,0
2015/8/14 18:00,1233.18,777.0,0,0,0
2015/8/14 19:00,1156.15,778.0,0,0,0
2015/8/14 20:00,1202.754,776.0,1,0,0
2015/8/14 21:00,1190.807,777.0,0,0,0
2015/8/14 22:00,1265.6480000000001,941.0,0,0,0
2015/8/14 23:00,1049.548,1291.0,0,0,0
2015/8/15 0:00,1202.269,1295.0,0,0,0
2015/8/15 1:00,1101.235,1306.0,0,0,0
2015/8/15 2:00,1113.256,1305.0,0,0,0
2015/8/15 3:00,1206.859,1299.0,0,0,0
2015/8/15 4:00,1168.4389999999999,1046.0,0,0,0
2015/8/15 5:00,1450.481,1043.0,0,0,0
2015/8/15 6:00,1432.4360000000001,1045.0,0,0,0
2015/8/15 7:00,1559.646,1045.0,0,0,0
2015/8/15 8:00,1624.5870000000002,764.0,0,0,0
2015/8/15 9:00,1482.9489999999998,733.0,0,0,0
2015/8/15 10:00,1360.8339999999998,731.0,0,0,0
2015/8/15 11:00,1325.027,733.0,0,0,0
2015/8/15 12:00,1239.816,733.0,0,0,0
2015/8/15 13:00,1331.2620000000002,731.0,0,0,0
2015/8/15 14:00,1038.7089999999998,731.0,0,0,0
2015/8/15 15:00,1263.556,732.0,0,0,1
2015/8/15 16:00,1163.651,734.0,0,0,2
2015/8/15 17:00,1083.361,736.0,0,0,0
2015/8/15 18:00,965.753,735.0,2,0,0
2015/8/15 19:00,970.573,737.0,0,2,0
2015/8/15 20:00,1080.111,741.0,0,1,0
2015/8/15 21:00,889.115,743.0,0,0,0
2015/8/15 22:00,1017.673,744.0,0,0,0
2015/8/15 23:00,908.8710000000001,745.0,0,0,0
2015/8/16 0:00,997.673,745.0,0,0,0
2015/8/16 1:00,891.06,763.0,0,0,0
2015/8/16 2:00,1042.011,764.0,0,0,0
2015/8/16 3:00,1215.44,761.0,0,0,0
2015/8/16 4:00,1172.732,762.0,0,0,0
2015/8/16 5:00,1332.015,761.0,0,0,0
2015/8/16 6:00,1275.2830000000001,678.0,0,0,0
2015/8/16 7:00,1240.9589999999998,566.0,0,0,0
2015/8/16 8:00,1183.511,567.0,0,0,0
2015/8/16 9:00,1063.694,565.0,0,0,0
2015/8/16 10:00,1049.345,609.0,0,0,0
2015/8/16 11:00,985.9789999999999,613.0,0,0,0
2015/8/16 12:00,1013.674,623.0,0,0,0
2015/8/16 13:00,1035.139,621.0,0,0,0
2015/8/16 14:00,989.3530000000001,620.0,0,0,0
2015/8/16 15:00,887.01,627.0,0,0,0
2015/8/16 16:00,926.6469999999999,628.0,0,0,0
2015/8/16 17:00,923.4989999999999,628.0,0,0,0
2015/8/16 18:00,872.837,522.0,0,0,0
2015/8/16 19:00,882.663,568.0,0,0,0
2015/8/16 20:00,828.5039999999999,746.0,0,0,0
2015/8/16 21:00,908.049,728.0,0,0,0
2015/8/16 22:00,848.335,667.0,0,0,0
2015/8/16 23:00,783.9789999999999,665.0,0,0,0
2015/8/17 0:00,822.8610000000001,666.0,0,0,0
2015/8/17 1:00,938.815,666.0,0,0,0
2015/8/17 2:00,1072.843,667.0,0,0,0
2015/8/17 3:00,1011.637,666.0,0,0,0
2015/8/17 4:00,1015.067,669.0,0,0,0
2015/8/17 5:00,1066.768,668.0,0,0,0
2015/8/17 6:00,1080.1019999999999,665.0,0,0,0
2015/8/17 7:00,906.222,663.0,0,0,0
2015/8/17 8:00,824.166,665.0,0,0,0
2015/8/17 9:00,945.3380000000001,661.0,2,0,0
2015/8/17 10:00,952.409,692.0,0,0,0
2015/8/17 11:00,910.528,708.0,0,0,0
2015/8/17 12:00,709.79,761.0,0,0,0
2015/8/17 13:00,914.5189999999999,764.0,0,0,0
2015/8/17 14:00,1011.068,766.0,0,0,0
2015/8/17 15:00,972.9639999999999,766.0,0,0,0
2015/8/17 16:00,1112.357,763.0,2,0,0
2015/8/17 17:00,1058.146,751.0,0,0,0
2015/8/17 18:00,1182.296,754.0,0,0,3
2015/8/17 19:00,1117.11,753.0,0,0,22
2015/8/17 20:00,1013.821,754.0,0,0,9
2015/8/17 21:00,1180.4080000000001,742.0,0,1,0
2015/8/17 22:00,1070.325,745.0,0,4,0
2015/8/17 23:00,1195.734,744.0,0,0,0
2015/8/18 0:00,1366.215,745.0,0,0,1
2015/8/18 1:00,1267.094,745.0,0,0,0
2015/8/18 2:00,1415.795,744.0,0,0,1
2015/8/18 3:00,1229.032,745.0,0,0,0
2015/8/18 4:00,1326.888,744.0,0,0,0
2015/8/18 5:00,1310.022,746.0,0,0,0
2015/8/18 6:00,1449.2879999999998,744.0,0,0,0
2015/8/18 7:00,1505.8110000000001,744.0,0,0,1
2015/8/18 8:00,1468.5479999999998,745.0,0,1,0
2015/8/18 9:00,1408.168,748.0,0,0,0
2015/8/18 10:00,1495.024,748.0,0,0,0
2015/8/18 11:00,1499.136,710.0,0,0,0
2015/8/18 12:00,1342.39,693.0,0,0,0
2015/8/18 13:00,1370.531,643.0,0,0,0
2015/8/18 14:00,1346.135,613.0,0,0,0
2015/8/18 15:00,1403.753,612.0,0,0,0
2015/8/18 16:00,1381.864,606.0,0,0,0
2015/8/18 17:00,1438.125,608.0,0,0,7
2015/8/18 18:00,1435.714,732.0,0,0,10
2015/8/18 19:00,1346.588,739.0,0,0,0
2015/8/18 20:00,1275.079,740.0,0,0,0
2015/8/18 21:00,1442.441,741.0,0,0,0
2015/8/18 22:00,1452.001,740.0,0,0,2
2015/8/18 23:00,1440.6970000000001,740.0,0,0,0
2015/8/19 0:00,1379.1870000000001,739.0,0,0,0
2015/8/19 1:00,1399.067,742.0,0,0,0
2015/8/19 2:00,1419.787,742.0,0,0,0
2015/8/19 3:00,1338.136,741.0,0,0,0
2015/8/19 4:00,1063.395,739.0,0,0,0
2015/8/19 5:00,1180.433,742.0,0,0,0
2015/8/19 6:00,1436.1760000000002,712.0,0,0,0
2015/8/19 7:00,1552.385,584.0,4,0,0
2015/8/19 8:00,1553.257,583.0,1,0,0
2015/8/19 9:00,1667.296,571.0,0,0,0
2015/8/19 10:00,1818.955,736.0,0,0,0
2015/8/19 11:00,1753.86,742.0,0,0,1
2015/8/19 12:00,1241.815,744.0,0,0,0
2015/8/19 13:00,1464.1729999999998,745.0,6,1,2
2015/8/19 14:00,1492.0620000000001,745.0,2,2,2
2015/8/19 15:00,1342.095,742.0,2,0,2
2015/8/19 16:00,1306.396,743.0,0,0,1
2015/8/19 17:00,1158.947,738.0,2,0,0
2015/8/19 18:00,1350.1170000000002,740.0,0,0,0
2015/8/19 19:00,1278.796,740.0,0,0,0
2015/8/19 20:00,1236.978,739.0,0,0,1
2015/8/19 21:00,1453.3020000000001,741.0,0,0,0
2015/8/19 22:00,1562.2120000000002,749.0,0,0,0
2015/8/19 23:00,1488.4289999999999,746.0,0,0,0
2015/8/20 0:00,1683.325,750.0,0,0,0
2015/8/20 1:00,1378.753,615.0,0,0,0
2015/8/20 2:00,1674.289,613.0,0,0,0
2015/8/20 3:00,1398.0510000000002,611.0,0,0,0
2015/8/20 4:00,1189.695,609.0,0,0,0
2015/8/20 5:00,1327.2620000000002,608.0,0,0,0
2015/8/20 6:00,1349.335,608.0,0,0,0
2015/8/20 7:00,1249.672,608.0,0,0,0
2015/8/20 8:00,977.449,609.0,0,0,0
2015/8/20 9:00,1014.2,609.0,0,0,0
2015/8/20 10:00,1297.1589999999999,608.0,0,0,0
2015/8/20 11:00,1226.002,632.0,0,0,0
2015/8/20 12:00,920.0039999999999,655.0,0,0,0
2015/8/20 13:00,1120.119,656.0,0,0,0
2015/8/20 14:00,1199.91,655.0,0,0,0
2015/8/20 15:00,1088.749,655.0,0,0,0
2015/8/20 16:00,832.908,659.0,0,0,0
2015/8/20 17:00,994.835,661.0,0,0,0
2015/8/20 18:00,1125.472,602.0,0,0,0
2015/8/20 19:00,1212.991,601.0,0,0,0
2015/8/20 20:00,976.915,602.0,0,0,0
2015/8/20 21:00,1096.114,611.0,0,0,0
2015/8/20 22:00,1261.998,653.0,0,0,0
2015/8/20 23:00,1051.123,653.0,0,0,0
2015/8/21 0:00,1170.344,651.0,0,0,0
2015/8/21 1:00,824.324,603.0,0,0,0
2015/8/21 2:00,908.315,600.0,0,0,0
2015/8/21 3:00,847.42,601.0,0,0,0
2015/8/21 4:00,806.421,601.0,0,0,0
2015/8/21 5:00,859.6510000000001,602.0,0,0,0
2015/8/21 6:00,921.8580000000001,602.0,0,0,0
2015/8/21 7:00,984.923,603.0,0,0,0
2015/8/21 8:00,1016.294,601.0,0,0,0
2015/8/21 9:00,912.591,597.0,0,0,0
2015/8/21 10:00,879.62,598.0,0,0,0
2015/8/21 11:00,868.3480000000001,597.0,0,0,0
2015/8/21 12:00,701.471,598.0,0,0,0
2015/8/21 13:00,835.681,599.0,0,0,0
2015/8/21 14:00,841.685,599.0,0,0,0
2015/8/21 15:00,841.6669999999999,600.0,0,0,0
2015/8/21 16:00,841.242,603.0,0,0,0
2015/8/21 17:00,840.867,615.0,0,0,0
2015/8/21 18:00,849.102,551.0,0,0,0
2015/8/21 19:00,844.9730000000001,434.0,0,0,0
2015/8/21 20:00,790.3710000000001,434.0,0,0,0
2015/8/21 21:00,959.8,434.0,0,0,0
2015/8/21 22:00,955.133,434.0,0,0,0
2015/8/21 23:00,893.7919999999999,434.0,0,0,0
2015/8/22 0:00,930.502,433.0,0,0,0
2015/8/22 1:00,634.191,380.0,0,0,0
2015/8/22 2:00,762.6139999999999,379.0,0,0,0
2015/8/22 3:00,577.2080000000001,380.0,0,0,0
2015/8/22 4:00,615.487,380.0,0,0,0
2015/8/22 5:00,638.45,380.0,0,0,0
2015/8/22 6:00,589.669,380.0,0,0,0
2015/8/22 7:00,744.961,377.0,0,0,0
2015/8/22 8:00,724.665,377.0,0,0,0
2015/8/22 9:00,719.752,378.0,0,0,0
2015/8/22 10:00,612.974,424.0,0,0,0
2015/8/22 11:00,436.523,427.0,0,0,0
2015/8/22 12:00,457.214,426.0,0,0,0
2015/8/22 13:00,611.7919999999999,422.0,0,0,0
2015/8/22 14:00,451.776,514.0,0,0,0
2015/8/22 15:00,484.24800000000005,645.0,0,0,0
2015/8/22 16:00,489.847,649.0,0,0,0
2015/8/22 17:00,719.0369999999999,648.0,0,0,0
2015/8/22 18:00,651.601,568.0,0,0,0
2015/8/22 19:00,649.279,568.0,0,0,0
2015/8/22 20:00,620.131,517.0,0,0,0
2015/8/22 21:00,743.2189999999999,429.0,0,0,0
2015/8/22 22:00,805.439,428.0,0,0,0
2015/8/22 23:00,851.21,427.0,0,0,0
2015/8/23 0:00,817.677,427.0,0,0,0
2015/8/23 1:00,645.879,402.0,0,0,0
2015/8/23 2:00,845.186,376.0,0,0,0
2015/8/23 3:00,697.453,377.0,0,0,0
2015/8/23 4:00,670.705,376.0,0,0,0
2015/8/23 5:00,618.0319999999999,377.0,0,0,0
2015/8/23 6:00,582.345,377.0,0,0,0
2015/8/23 7:00,717.393,376.0,0,0,0
2015/8/23 8:00,598.804,376.0,0,0,0
2015/8/23 9:00,519.591,376.0,0,0,0
2015/8/23 10:00,597.376,376.0,0,0,0
2015/8/23 11:00,435.171,376.0,0,0,0
2015/8/23 12:00,555.798,374.0,0,0,0
2015/8/23 13:00,553.4019999999999,374.0,0,0,0
2015/8/23 14:00,466.69300000000004,381.0,0,0,0
2015/8/23 15:00,588.851,381.0,0,0,0
2015/8/23 16:00,507.51599999999996,380.0,0,0,0
2015/8/23 17:00,653.891,380.0,0,0,0
2015/8/23 18:00,513.126,380.0,0,0,0
2015/8/23 19:00,454.63300000000004,276.0,0,0,0
2015/8/23 20:00,592.202,276.0,0,0,0
2015/8/23 21:00,531.573,274.0,0,0,0
2015/8/23 22:00,474.694,274.0,0,0,0
2015/8/23 23:00,458.25199999999995,274.0,0,0,0
2015/8/24 0:00,498.52,251.0,0,0,0
2015/8/24 1:00,439.296,211.0,0,0,0
2015/8/24 2:00,441.103,211.0,0,0,0
2015/8/24 3:00,383.476,211.0,0,0,0
2015/8/24 4:00,324.063,210.0,0,0,0
2015/8/24 5:00,384.096,211.0,0,0,0
2015/8/24 6:00,394.32800000000003,211.0,0,0,0
2015/8/24 7:00,391.555,211.0,0,0,0
2015/8/24 8:00,317.811,208.0,0,0,0
2015/8/24 9:00,463.04900000000004,206.0,0,0,0
2015/8/24 10:00,275.683,205.0,0,0,0
2015/8/24 11:00,186.59599999999998,332.0,0,0,0
2015/8/24 12:00,76.558,342.0,0,0,0
2015/8/24 13:00,329.67900000000003,342.0,0,0,0
2015/8/24 14:00,213.128,341.0,0,0,0
2015/8/24 15:00,270.11,349.0,0,0,0
2015/8/24 16:00,455.844,348.0,0,0,0
2015/8/24 17:00,481.958,351.0,0,0,0
2015/8/24 18:00,526.289,418.0,0,0,0
2015/8/24 19:00,476.037,431.0,0,0,0
2015/8/24 20:00,542.03,436.0,0,0,0
2015/8/24 21:00,368.494,378.0,0,0,0
2015/8/24 22:00,514.247,189.0,0,0,0
2015/8/24 23:00,416.92,189.0,0,0,0
2015/8/25 0:00,578.4680000000001,190.0,0,0,0
2015/8/25 1:00,407.022,210.0,0,0,0
2015/8/25 2:00,594.758,211.0,0,0,0
2015/8/25 3:00,637.869,211.0,0,0,0
2015/8/25 4:00,507.466,211.0,0,0,0
2015/8/25 5:00,383.431,211.0,0,0,0
2015/8/25 6:00,285.522,211.0,0,0,0
2015/8/25 7:00,189.347,211.0,0,0,0
2015/8/25 8:00,85.15,211.0,0,0,0
2015/8/25 9:00,160.01,211.0,0,0,0
2015/8/25 10:00,279.606,210.0,0,0,0
2015/8/25 11:00,515.092,211.0,0,0,0
2015/8/25 12:00,314.647,211.0,0,0,0
2015/8/25 13:00,451.426,210.0,0,0,0
2015/8/25 14:00,287.834,211.0,0,0,1
2015/8/25 15:00,275.64599999999996,210.0,0,0,1
2015/8/25 16:00,141.049,279.0,0,0,1
2015/8/25 17:00,85.205,287.0,0,0,0
2015/8/25 18:00,345.434,287.0,0,0,1
2015/8/25 19:00,288.64,288.0,0,0,1
2015/8/25 20:00,254.097,289.0,0,0,1
2015/8/25 21:00,260.39099999999996,292.0,0,0,0
2015/8/25 22:00,338.949,291.0,0,0,0
2015/8/25 23:00,353.324,289.0,0,0,0
2015/8/26 0:00,342.99,288.0,0,0,1
2015/8/26 1:00,415.86,200.0,0,0,0
2015/8/26 2:00,559.811,199.0,0,0,0
2015/8/26 3:00,440.849,200.0,0,0,0
2015/8/26 4:00,345.101,200.0,0,0,0
2015/8/26 5:00,369.539,200.0,0,0,0
2015/8/26 6:00,312.008,200.0,0,0,0
2015/8/26 7:00,200.21,200.0,0,0,0
2015/8/26 8:00,193.03599999999997,199.0,0,0,0
2015/8/26 9:00,278.312,199.0,0,0,0
2015/8/26 10:00,117.601,200.0,0,0,0
2015/8/26 11:00,152.067,202.0,0,0,0
2015/8/26 12:00,46.0,202.0,0,0,0
2015/8/26 13:00,122.65799999999999,202.0,0,0,0
2015/8/26 14:00,105.199,201.0,0,0,0
2015/8/26 15:00,90.62299999999999,202.0,0,0,0
2015/8/26 16:00,325.635,281.0,0,0,0
2015/8/26 17:00,292.49,284.0,0,0,0
2015/8/26 18:00,405.50199999999995,283.0,0,0,0
2015/8/26 19:00,269.644,284.0,0,0,0
2015/8/26 20:00,259.747,284.0,0,0,0
2015/8/26 21:00,242.40200000000002,203.0,0,0,0
2015/8/26 22:00,285.557,186.0,0,0,0
2015/8/26 23:00,370.587,186.0,0,0,0
2015/8/27 0:00,426.969,186.0,0,0,0
2015/8/27 1:00,548.188,162.0,0,0,0
2015/8/27 2:00,422.717,76.0,0,0,0
2015/8/27 3:00,533.922,76.0,0,0,0
2015/8/27 4:00,412.538,76.0,0,0,0
2015/8/27 5:00,285.87,75.0,0,0,0
2015/8/27 6:00,238.47,75.0,0,0,0
2015/8/27 7:00,138.006,75.0,0,0,0
2015/8/27 8:00,418.361,75.0,0,1,0
2015/8/27 9:00,141.987,75.0,0,0,0
2015/8/27 10:00,230.489,187.0,0,0,0
2015/8/27 11:00,169.421,201.0,0,0,0
2015/8/27 12:00,161.503,201.0,0,0,0
2015/8/27 13:00,197.625,201.0,0,0,0
2015/8/27 14:00,44.088,201.0,0,0,0
2015/8/27 15:00,211.21599999999998,201.0,0,0,0
2015/8/27 16:00,211.21599999999998,201.0,0,0,0
2015/8/27 17:00,211.21599999999998,202.0,0,0,0
2015/8/27 18:00,156.435,202.0,0,0,1
2015/8/27 19:00,156.321,201.0,0,3,0
2015/8/27 20:00,156.686,196.0,0,0,1
2015/8/27 21:00,157.184,195.0,0,0,0
2015/8/27 22:00,157.184,195.0,0,0,1
2015/8/27 23:00,377.79900000000004,195.0,0,2,0
2015/8/28 0:00,496.439,195.0,0,0,0
2015/8/28 1:00,345.574,261.0,0,0,0
2015/8/28 2:00,400.084,262.0,0,2,0
2015/8/28 3:00,399.781,262.0,0,2,0
2015/8/28 4:00,380.189,262.0,0,0,1
2015/8/28 5:00,229.516,261.0,0,2,0
2015/8/28 6:00,103.935,262.0,0,0,0
2015/8/28 7:00,271.289,325.4830894,0,2,0
2015/8/28 8:00,194.44799999999998,442.90302980000007,1,1,0
2015/8/28 9:00,185.797,510.0,0,0,0
2015/8/28 10:00,219.324,529.0,0,1,1
2015/8/28 11:00,309.96299999999997,610.0,0,0,0
2015/8/28 12:00,320.32099999999997,612.0,0,0,0
2015/8/28 13:00,384.99699999999996,611.0,2,0,0
2015/8/28 14:00,572.62,616.0,4,0,0
2015/8/28 15:00,783.3960000000001,622.0,2,0,0
2015/8/28 16:00,735.7539999999999,624.0,0,0,0
2015/8/28 17:00,702.925,626.0,0,0,0
2015/8/28 18:00,649.656,298.0,0,0,0
2015/8/28 19:00,781.8589999999999,278.0,0,0,0
2015/8/28 20:00,732.6469999999999,275.0,1,0,0
2015/8/28 21:00,636.567,496.0,0,0,0
2015/8/28 22:00,772.83,615.0,0,0,0
2015/8/28 23:00,838.03,620.0,0,0,0
2015/8/29 0:00,916.6210000000001,620.0,0,0,0
2015/8/29 1:00,688.1569999999999,762.0,0,0,0
2015/8/29 2:00,601.592,774.0,0,0,0
2015/8/29 3:00,575.759,768.0,0,0,0
2015/8/29 4:00,513.381,773.0,0,0,0
2015/8/29 5:00,577.216,894.0,0,0,0
2015/8/29 6:00,701.368,2081.0,0,0,0
2015/8/29 7:00,785.5980000000001,2137.0,0,0,0
2015/8/29 8:00,862.8960000000001,2137.0,0,0,0
2015/8/29 9:00,808.21,2368.0,0,0,0
2015/8/29 10:00,983.263,2373.0,0,0,0
2015/8/29 11:00,986.939,2374.0,0,0,0
2015/8/29 12:00,993.2660000000001,2372.0,0,0,0
2015/8/29 13:00,1411.3220000000001,2369.0,0,0,0
2015/8/29 14:00,1725.661,2490.0,0,0,0
2015/8/29 15:00,1959.557,2478.0,0,0,0
2015/8/29 16:00,2221.512,2223.0,0,0,0
2015/8/29 17:00,2490.96,2222.0,0,0,0
2015/8/29 18:00,2656.1209999999996,2220.0,0,0,0
2015/8/29 19:00,2655.636,2042.0,0,0,0
2015/8/29 20:00,2662.028,2039.0,0,0,0
2015/8/29 21:00,2826.526,1848.0,0,0,0
2015/8/29 22:00,2707.22,1849.0,0,0,0
2015/8/29 23:00,2776.725,1713.0,0,0,0
2015/8/30 0:00,2909.8070000000002,1787.0,0,0,0
2015/8/30 1:00,2798.545,1608.0,0,0,0
2015/8/30 2:00,2775.888,1452.0,0,0,0
2015/8/30 3:00,2601.0789999999997,1451.0,0,0,0
2015/8/30 4:00,2699.967,1448.0,0,0,0
2015/8/30 5:00,2465.942,1439.0,0,0,0
2015/8/30 6:00,2335.661,1117.0,0,0,0
2015/8/30 7:00,2156.395,975.0,0,0,0
2015/8/30 8:00,2094.794,973.0,0,0,0
2015/8/30 9:00,2115.013,957.0,0,0,0
2015/8/30 10:00,1863.8729999999998,957.0,0,0,0
2015/8/30 11:00,1737.858,957.0,0,0,0
2015/8/30 12:00,1712.5610000000001,958.0,0,0,0
2015/8/30 13:00,1732.7910000000002,1095.0,0,0,0
2015/8/30 14:00,1492.1270000000002,1095.0,0,0,0
2015/8/30 15:00,1442.795,960.0,0,0,0
2015/8/30 16:00,1301.63,781.0,0,0,0
2015/8/30 17:00,1331.851,743.0,0,0,0
2015/8/30 18:00,1157.2839999999999,740.0,0,0,0
2015/8/30 19:00,1188.5,740.0,0,0,0
2015/8/30 20:00,1232.417,740.0,0,0,0
2015/8/30 21:00,1191.84,739.0,0,0,0
2015/8/30 22:00,1190.527,738.0,0,0,0
2015/8/30 23:00,1166.14,737.0,0,0,0
2015/8/31 0:00,1111.256,740.0,0,0,0
2015/8/31 1:00,1029.2730000000001,758.0,0,0,0
2015/8/31 2:00,979.812,759.0,0,0,0
2015/8/31 3:00,850.502,761.0,0,0,0
2015/8/31 4:00,893.552,757.0,0,0,0
2015/8/31 5:00,854.173,748.0,0,0,0
2015/8/31 6:00,941.653,744.0,0,0,0
2015/8/31 7:00,891.242,744.0,0,0,0
2015/8/31 8:00,942.7260000000001,742.0,0,0,0
2015/8/31 9:00,971.059,744.0,0,0,0
2015/8/31 10:00,966.1560000000001,665.0,0,0,0
2015/8/31 11:00,888.796,664.0,0,0,0
2015/8/31 12:00,814.53,664.0,0,0,0
2015/8/31 13:00,880.18,665.0,0,0,0
2015/8/31 14:00,921.7439999999999,664.0,0,0,0
2015/8/31 15:00,943.248,561.0,0,0,0
2015/8/31 16:00,942.186,524.0,0,0,0
2015/8/31 17:00,960.091,524.0,0,0,0
2015/8/31 18:00,940.747,523.0,0,0,0
2015/8/31 19:00,945.934,522.0,0,0,0
2015/8/31 20:00,768.653,522.0,0,0,0
2015/8/31 21:00,896.7719999999999,529.0,0,0,0
2015/8/31 22:00,765.0369999999999,531.0,0,0,0
2015/8/31 23:00,723.3610000000001,528.0,0,0,0
2015/9/1 0:00,770.034,527.0,0,0,0
2015/9/1 1:00,700.202,422.0,0,0,0
2015/9/1 2:00,625.049,407.0,0,0,0
2015/9/1 3:00,628.62,408.0,0,0,0
2015/9/1 4:00,638.342,401.0,0,0,0
2015/9/1 5:00,694.885,401.0,0,0,0
2015/9/1 6:00,618.573,401.0,0,0,0
2015/9/1 7:00,505.05300000000005,401.0,0,0,0
2015/9/1 8:00,646.51,402.0,0,0,0
2015/9/1 9:00,431.277,400.0,0,0,0
2015/9/1 10:00,385.934,395.0,0,0,0
2015/9/1 11:00,470.792,469.0,0,0,0
2015/9/1 12:00,450.168,479.0,0,0,0
2015/9/1 13:00,548.6659999999999,478.0,0,0,0
2015/9/1 14:00,493.47,477.0,0,0,0
2015/9/1 15:00,527.086,477.0,0,0,0
2015/9/1 16:00,641.643,479.0,0,0,0
2015/9/1 17:00,472.708,498.0,0,0,0
2015/9/1 18:00,562.432,615.0,0,0,0
2015/9/1 19:00,455.07,624.0,0,0,0
2015/9/1 20:00,587.919,627.0,0,0,0
2015/9/1 21:00,612.185,625.0,0,0,0
2015/9/1 22:00,614.764,624.0,0,0,0
2015/9/1 23:00,707.5830000000001,636.0,0,0,0
2015/9/2 0:00,513.755,640.0,0,0,0
2015/9/2 1:00,738.6239999999999,405.0,0,0,0
2015/9/2 2:00,786.102,357.0,0,0,0
2015/9/2 3:00,720.5,324.0,0,0,0
2015/9/2 4:00,619.3430000000001,325.0,0,0,0
2015/9/2 5:00,762.618,323.0,0,0,0
2015/9/2 6:00,775.8760000000001,325.0,0,0,0
2015/9/2 7:00,755.507,324.0,0,0,0
2015/9/2 8:00,558.83,325.0,0,0,0
2015/9/2 9:00,417.029,314.0,0,0,0
2015/9/2 10:00,512.936,325.0,0,0,0
2015/9/2 11:00,184.06900000000002,325.0,0,0,0
2015/9/2 12:00,387.207,325.0,0,0,0
2015/9/2 13:00,384.536,325.0,0,0,0
2015/9/2 14:00,205.519,325.0,0,0,0
2015/9/2 15:00,443.411,325.0,0,0,0
2015/9/2 16:00,464.199,325.0,0,0,0
2015/9/2 17:00,534.154,327.0,0,0,0
2015/9/2 18:00,370.33,328.0,0,0,0
2015/9/2 19:00,190.00799999999998,329.0,0,0,17
2015/9/2 20:00,320.905,328.0,0,0,0
2015/9/2 21:00,379.67400000000004,329.0,0,0,0
2015/9/2 22:00,325.58,329.0,0,0,0
2015/9/2 23:00,311.605,330.0,0,10,0
2015/9/3 0:00,429.45,330.0,0,0,0
2015/9/3 1:00,517.226,279.0,0,0,0
2015/9/3 2:00,781.829,285.0,0,0,0
2015/9/3 3:00,457.531,286.0,0,0,0
2015/9/3 4:00,410.921,281.0,0,0,0
2015/9/3 5:00,490.01099999999997,280.0,0,0,0
2015/9/3 6:00,422.204,281.0,0,0,0
2015/9/3 7:00,440.86199999999997,281.0,0,0,0
2015/9/3 8:00,222.14,281.0,0,1,0
2015/9/3 9:00,443.22900000000004,280.0,0,0,0
2015/9/3 10:00,508.30300000000005,280.0,0,0,0
2015/9/3 11:00,418.559,280.0,0,0,0
2015/9/3 12:00,465.87199999999996,454.0,0,0,0
2015/9/3 13:00,479.515,472.0,0,0,0
2015/9/3 14:00,497.407,480.0,0,0,0
2015/9/3 15:00,462.86400000000003,482.0,0,0,0
2015/9/3 16:00,409.36,483.0,0,0,0
2015/9/3 17:00,511.44,485.0,0,0,0
2015/9/3 18:00,429.629,489.0,0,0,0
2015/9/3 19:00,398.39300000000003,488.0,0,1,0
2015/9/3 20:00,425.901,488.0,0,0,0
2015/9/3 21:00,457.56800000000004,488.0,0,0,0
2015/9/3 22:00,581.289,493.0,0,0,0
2015/9/3 23:00,690.676,494.0,0,0,0
2015/9/4 0:00,776.822,493.0,0,0,0
2015/9/4 1:00,703.145,269.0,0,0,0
2015/9/4 2:00,768.82,268.0,0,0,0
2015/9/4 3:00,722.388,267.0,0,0,0
2015/9/4 4:00,635.297,266.0,0,0,0
2015/9/4 5:00,569.71,266.0,0,0,0
2015/9/4 6:00,537.0930000000001,268.0,0,0,1
2015/9/4 7:00,636.211,268.0,0,0,0
2015/9/4 8:00,576.215,418.0,0,0,0
2015/9/4 9:00,502.129,588.0,0,0,0
2015/9/4 10:00,506.086,590.0,0,0,0
2015/9/4 11:00,395.88800000000003,590.0,0,0,0
2015/9/4 12:00,446.949,598.0,0,0,0
2015/9/4 13:00,445.93699999999995,597.0,0,0,0
2015/9/4 14:00,364.723,596.0,0,0,0
2015/9/4 15:00,628.656,600.0,0,0,0
2015/9/4 16:00,527.8,596.0,0,0,0
2015/9/4 17:00,694.297,597.0,0,0,0
2015/9/4 18:00,667.341,570.0,0,0,0
2015/9/4 19:00,640.008,569.0,0,0,0
2015/9/4 20:00,720.047,568.0,0,0,0
2015/9/4 21:00,689.962,568.0,0,0,0
2015/9/4 22:00,815.299,570.0,0,0,0
2015/9/4 23:00,746.4110000000001,569.0,0,0,0
2015/9/5 0:00,748.7919999999999,569.0,0,0,0
2015/9/5 1:00,727.9939999999999,429.0,0,0,0
2015/9/5 2:00,847.084,432.0,0,0,0
2015/9/5 3:00,752.045,431.0,0,0,0
2015/9/5 4:00,732.135,433.0,0,0,0
2015/9/5 5:00,680.298,431.0,0,0,0
2015/9/5 6:00,764.627,433.0,0,0,0
2015/9/5 7:00,575.62,432.0,0,0,0
2015/9/5 8:00,639.443,432.0,0,0,0
2015/9/5 9:00,591.435,432.0,0,0,0
2015/9/5 10:00,573.951,431.0,0,0,0
2015/9/5 11:00,621.073,431.0,0,0,0
2015/9/5 12:00,442.814,431.0,0,0,0
2015/9/5 13:00,732.1289999999999,432.0,0,0,0
2015/9/5 14:00,563.014,432.0,0,2,0
2015/9/5 15:00,651.915,432.0,0,0,0
2015/9/5 16:00,646.804,424.0,0,0,0
2015/9/5 17:00,600.911,419.0,0,0,0
2015/9/5 18:00,629.66,575.0,0,0,15
2015/9/5 19:00,496.408,591.0,0,0,19
2015/9/5 20:00,539.717,595.0,0,1,1
2015/9/5 21:00,516.665,593.0,0,0,0
2015/9/5 22:00,615.745,595.0,0,0,0
2015/9/5 23:00,644.112,603.0,0,0,0
2015/9/6 0:00,663.3989999999999,604.0,0,0,0
2015/9/6 1:00,846.133,291.0,0,0,0
2015/9/6 2:00,834.207,296.0,0,1,0
2015/9/6 3:00,789.9910000000001,296.0,0,0,0
2015/9/6 4:00,749.562,297.0,0,0,0
2015/9/6 5:00,757.5319999999999,296.0,0,0,0
2015/9/6 6:00,845.56,297.0,0,0,0
2015/9/6 7:00,665.3889999999999,297.0,0,0,0
2015/9/6 8:00,617.361,298.0,0,0,0
2015/9/6 9:00,562.479,298.0,0,0,0
2015/9/6 10:00,532.825,297.0,0,0,0
2015/9/6 11:00,551.242,297.0,0,0,0
2015/9/6 12:00,376.42699999999996,296.0,0,0,0
2015/9/6 13:00,536.365,297.0,0,6,0
2015/9/6 14:00,478.968,298.0,0,2,0
2015/9/6 15:00,589.818,295.0,0,0,1
2015/9/6 16:00,501.056,292.0,0,0,0
2015/9/6 17:00,477.94,292.0,0,0,0
2015/9/6 18:00,580.2959999999999,488.0,0,0,0
2015/9/6 19:00,360.711,501.0,0,0,0
2015/9/6 20:00,417.329,503.0,0,1,0
2015/9/6 21:00,361.324,505.0,0,0,0
2015/9/6 22:00,624.544,504.0,0,0,0
2015/9/6 23:00,617.325,505.0,0,0,0
2015/9/7 0:00,675.0219999999999,508.0,0,0,0
2015/9/7 1:00,814.0169999999999,519.0,0,0,0
2015/9/7 2:00,920.676,520.0,1,0,0
2015/9/7 3:00,977.091,519.0,0,0,0
2015/9/7 4:00,832.5160000000001,518.0,0,0,0
2015/9/7 5:00,901.737,519.0,0,0,0
2015/9/7 6:00,920.939,518.0,0,0,0
2015/9/7 7:00,839.1419999999999,598.0,0,0,0
2015/9/7 8:00,797.5139999999999,762.0,0,0,0
2015/9/7 9:00,740.805,760.0,0,0,0
2015/9/7 10:00,756.0110000000001,760.0,0,0,0
2015/9/7 11:00,728.2860000000001,762.0,0,0,0
2015/9/7 12:00,683.993,765.0,0,0,0
2015/9/7 13:00,792.4860000000001,764.0,0,3,0
2015/9/7 14:00,849.174,760.0,0,4,0
2015/9/7 15:00,918.562,751.0,0,0,0
2015/9/7 16:00,919.258,740.0,0,2,0
2015/9/7 17:00,954.664,1369.0,0,0,0
2015/9/7 18:00,999.8919999999999,1438.0,0,0,0
2015/9/7 19:00,1008.543,1449.0,0,0,0
2015/9/7 20:00,942.9989999999999,1455.0,0,0,0
2015/9/7 21:00,991.087,1455.0,0,0,0
2015/9/7 22:00,1025.415,1538.0,0,0,0
2015/9/7 23:00,1112.69,1320.0,0,0,0
2015/9/8 0:00,1249.1589999999999,1319.0,0,0,0
2015/9/8 1:00,1332.991,1309.0,0,0,0
2015/9/8 2:00,1526.481,1309.0,0,0,0
2015/9/8 3:00,1562.862,1307.0,0,0,0
2015/9/8 4:00,1727.924,1240.0,0,0,0
2015/9/8 5:00,1686.0610000000001,1239.0,0,0,0
2015/9/8 6:00,1754.239,897.0,0,0,0
2015/9/8 7:00,1762.254,751.0,0,0,0
2015/9/8 8:00,1659.205,753.0,0,0,0
2015/9/8 9:00,1610.5739999999998,883.0,0,0,0
2015/9/8 10:00,1561.8220000000001,883.0,0,0,0
2015/9/8 11:00,1569.359,883.0,0,0,0
2015/9/8 12:00,1547.612,803.0,0,0,0
2015/9/8 13:00,1348.1170000000002,747.0,0,0,0
2015/9/8 14:00,1314.193,747.0,0,0,0
2015/9/8 15:00,1265.361,747.0,0,0,0
2015/9/8 16:00,1095.407,748.0,0,0,0
2015/9/8 17:00,1141.4569999999999,745.0,0,0,0
2015/9/8 18:00,893.2660000000001,742.0,0,0,0
2015/9/8 19:00,991.285,741.0,0,0,0
2015/9/8 20:00,927.576,741.0,0,0,0
2015/9/8 21:00,914.2310000000001,690.0,0,0,0
2015/9/8 22:00,909.8610000000001,688.0,0,0,0
2015/9/8 23:00,865.732,689.0,0,0,0
2015/9/9 0:00,924.752,691.0,0,0,0
2015/9/9 1:00,930.096,662.0,0,0,0
2015/9/9 2:00,975.794,664.0,0,0,0
2015/9/9 3:00,977.211,662.0,0,0,0
2015/9/9 4:00,973.914,665.0,0,0,0
2015/9/9 5:00,842.367,664.0,0,0,0
2015/9/9 6:00,833.023,664.0,0,0,0
2015/9/9 7:00,822.995,664.0,0,0,0
2015/9/9 8:00,763.8969999999999,662.0,0,0,0
2015/9/9 9:00,770.525,659.0,0,0,0
2015/9/9 10:00,732.5039999999999,543.0,0,0,0
2015/9/9 11:00,811.13,543.0,0,0,0
2015/9/9 12:00,771.5939999999999,543.0,0,0,0
2015/9/9 13:00,856.25,542.0,0,0,0
2015/9/9 14:00,844.492,541.0,0,0,0
2015/9/9 15:00,826.2460000000001,541.0,0,0,0
2015/9/9 16:00,888.513,542.0,0,0,0
2015/9/9 17:00,729.9789999999999,549.0,0,0,0
2015/9/9 18:00,796.028,383.0,0,0,0
2015/9/9 19:00,673.926,380.0,0,0,0
2015/9/9 20:00,570.409,379.0,0,0,0
2015/9/9 21:00,600.1659999999999,379.0,0,0,0
2015/9/9 22:00,580.711,372.0,0,0,0
2015/9/9 23:00,686.9119999999999,373.0,0,0,0
2015/9/10 0:00,709.691,375.0,0,0,0
2015/9/10 1:00,663.5930000000001,386.0,0,0,0
2015/9/10 2:00,720.73,351.0,0,0,0
2015/9/10 3:00,642.281,351.0,0,0,0
2015/9/10 4:00,527.855,352.0,0,0,0
2015/9/10 5:00,497.986,352.0,0,0,0
2015/9/10 6:00,444.12300000000005,351.0,0,0,0
2015/9/10 7:00,357.585,351.0,0,0,0
2015/9/10 8:00,460.51800000000003,353.0,0,0,0
2015/9/10 9:00,458.283,348.0,0,0,0
2015/9/10 10:00,494.55300000000005,349.0,0,0,0
2015/9/10 11:00,475.171,422.0,0,0,0
2015/9/10 12:00,361.695,424.0,0,0,0
2015/9/10 13:00,589.57,424.0,0,0,0
2015/9/10 14:00,409.93800000000005,423.0,0,0,0
2015/9/10 15:00,542.56,425.0,0,0,0
2015/9/10 16:00,467.86800000000005,427.0,0,0,0
2015/9/10 17:00,522.507,429.0,0,0,0
2015/9/10 18:00,531.545,429.0,0,0,0
2015/9/10 19:00,478.95599999999996,429.0,0,0,0
2015/9/10 20:00,584.384,428.0,1,0,0
2015/9/10 21:00,425.292,547.0,0,0,0
2015/9/10 22:00,584.004,591.0,0,0,0
2015/9/10 23:00,627.974,593.0,0,0,0
2015/9/11 0:00,632.409,595.0,0,0,0
2015/9/11 1:00,645.482,506.0,0,0,0
2015/9/11 2:00,574.119,510.0,0,0,0
2015/9/11 3:00,578.363,511.0,0,0,0
2015/9/11 4:00,525.631,512.0,0,0,0
2015/9/11 5:00,579.229,511.0,0,0,0
2015/9/11 6:00,646.771,509.0,0,0,0
2015/9/11 7:00,587.136,511.0,0,0,0
2015/9/11 8:00,710.5980000000001,509.0,0,0,0
2015/9/11 9:00,652.766,514.0,0,0,0
2015/9/11 10:00,672.562,512.0,0,0,0
2015/9/11 11:00,605.615,490.0,0,0,0
2015/9/11 12:00,603.187,488.0,0,0,0
2015/9/11 13:00,546.899,488.0,0,0,0
2015/9/11 14:00,495.166,488.0,0,0,0
2015/9/11 15:00,640.373,486.0,0,0,0
2015/9/11 16:00,613.9019999999999,380.0,0,0,0
2015/9/11 17:00,567.862,373.0,0,0,0
2015/9/11 18:00,519.881,373.0,0,0,0
2015/9/11 19:00,620.0740000000001,374.0,0,0,0
2015/9/11 20:00,603.97,374.0,0,0,0
2015/9/11 21:00,555.757,374.0,0,0,1
2015/9/11 22:00,637.3330000000001,374.0,0,0,2
2015/9/11 23:00,670.0989999999999,373.0,0,0,2
2015/9/12 0:00,727.928,373.0,0,2,4
2015/9/12 1:00,593.873,268.0,0,0,2
2015/9/12 2:00,619.597,269.0,0,2,1
2015/9/12 3:00,519.008,269.0,0,2,1
2015/9/12 4:00,528.506,269.0,0,0,2
2015/9/12 5:00,464.57800000000003,270.0,0,2,1
2015/9/12 6:00,509.82300000000004,268.0,0,4,0
2015/9/12 7:00,554.184,269.0,0,2,1
2015/9/12 8:00,499.751,269.0,0,0,0
2015/9/12 9:00,576.655,276.0,0,2,0
2015/9/12 10:00,442.626,191.0,0,0,0
2015/9/12 11:00,395.545,190.0,0,0,1
2015/9/12 12:00,319.45599999999996,190.0,0,0,0
2015/9/12 13:00,314.158,190.0,0,4,0
2015/9/12 14:00,495.471,190.0,0,2,0
2015/9/12 15:00,433.01099999999997,190.0,0,0,0
2015/9/12 16:00,564.376,190.0,0,0,0
2015/9/12 17:00,465.152,190.0,0,0,0
2015/9/12 18:00,456.48400000000004,188.0,0,0,0
2015/9/12 19:00,326.83799999999997,188.0,0,0,0
2015/9/12 20:00,200.817,189.0,0,0,0
2015/9/12 21:00,248.11700000000002,189.0,0,0,0
2015/9/12 22:00,257.512,189.0,0,0,0
2015/9/12 23:00,400.55400000000003,189.0,0,0,0
2015/9/13 0:00,378.098,188.0,0,0,0
2015/9/13 1:00,457.168,188.0,0,0,0
2015/9/13 2:00,378.25699999999995,188.0,0,0,0
2015/9/13 3:00,357.07300000000004,188.0,0,0,0
2015/9/13 4:00,211.74900000000002,188.0,0,0,0
2015/9/13 5:00,296.09,188.0,0,0,0
2015/9/13 6:00,350.634,188.0,0,0,0
2015/9/13 7:00,362.35400000000004,188.0,0,0,0
2015/9/13 8:00,322.652,188.0,0,0,0
2015/9/13 9:00,351.28,188.0,0,0,0
2015/9/13 10:00,332.9,188.0,0,0,0
2015/9/13 11:00,275.848,67.0,0,0,0
2015/9/13 12:00,245.55200000000002,72.0,0,0,0
2015/9/13 13:00,251.093,72.0,0,0,0
2015/9/13 14:00,405.666,72.0,0,0,0
2015/9/13 15:00,267.913,72.0,0,0,0
2015/9/13 16:00,318.987,72.0,0,0,0
2015/9/13 17:00,299.481,72.0,0,0,0
2015/9/13 18:00,211.796,74.0,0,0,0
2015/9/13 19:00,185.861,475.0,0,0,0
2015/9/13 20:00,23.293000000000003,486.0,0,0,0
2015/9/13 21:00,231.813,486.0,0,0,0
2015/9/13 22:00,240.233,486.0,0,0,0
2015/9/13 23:00,181.378,485.0,0,0,0
2015/9/14 0:00,257.91900000000004,486.0,0,0,0
2015/9/14 1:00,299.673,204.0,0,0,0
2015/9/14 2:00,369.485,202.0,0,0,0
2015/9/14 3:00,368.082,203.0,0,0,0
2015/9/14 4:00,479.301,203.0,0,0,0
2015/9/14 5:00,570.746,244.0,0,0,0
2015/9/14 6:00,644.938,373.0,0,0,0
2015/9/14 7:00,678.197,371.0,0,0,0
2015/9/14 8:00,565.061,374.0,0,0,0
2015/9/14 9:00,515.194,377.0,0,0,0
2015/9/14 10:00,290.59,376.0,0,0,0
2015/9/14 11:00,208.18200000000002,262.0,0,0,0
2015/9/14 12:00,187.489,262.0,0,0,0
2015/9/14 13:00,248.63,264.0,0,0,0
2015/9/14 14:00,494.165,263.0,0,0,0
2015/9/14 15:00,345.741,263.0,0,0,0
2015/9/14 16:00,602.415,262.0,0,0,0
2015/9/14 17:00,618.4580000000001,315.0,0,0,0
2015/9/14 18:00,543.314,504.0,0,0,0
2015/9/14 19:00,399.912,509.0,0,0,0
2015/9/14 20:00,243.153,511.0,0,0,0
2015/9/14 21:00,400.62199999999996,510.0,0,0,0
2015/9/14 22:00,310.634,512.0,0,0,0
2015/9/14 23:00,374.23,513.0,0,0,0
2015/9/15 0:00,455.134,516.0,0,0,0
2015/9/15 1:00,500.67800000000005,205.0,0,0,0
2015/9/15 2:00,543.437,202.0,0,0,0
2015/9/15 3:00,576.725,202.0,0,0,0
2015/9/15 4:00,566.561,202.0,0,0,0
2015/9/15 5:00,668.997,202.0,0,0,0
2015/9/15 6:00,587.174,202.0,0,0,0
2015/9/15 7:00,588.52,202.0,0,0,0
2015/9/15 8:00,632.942,202.0,0,0,0
2015/9/15 9:00,488.923,202.0,0,0,0
2015/9/15 10:00,376.54,202.0,0,0,0
2015/9/15 11:00,212.97400000000002,263.0,0,0,0
2015/9/15 12:00,162.502,269.0,0,0,0
2015/9/15 13:00,259.774,269.0,0,0,0
2015/9/15 14:00,216.726,268.0,0,0,0
2015/9/15 15:00,281.595,268.0,0,0,0
2015/9/15 16:00,244.373,268.0,0,0,0
2015/9/15 17:00,349.556,268.0,0,0,0
2015/9/15 18:00,429.76599999999996,268.0,0,0,0
2015/9/15 19:00,338.095,266.0,0,0,0
2015/9/15 20:00,352.788,263.0,0,0,0
2015/9/15 21:00,223.627,263.0,0,0,0
2015/9/15 22:00,491.75699999999995,263.0,0,0,0
2015/9/15 23:00,428.389,262.0,0,0,0
2015/9/16 0:00,389.184,263.0,0,0,0
2015/9/16 1:00,382.60400000000004,182.0,0,0,0
2015/9/16 2:00,272.315,182.0,0,0,0
2015/9/16 3:00,436.86,334.0,0,0,0
2015/9/16 4:00,275.30400000000003,417.0,0,0,0
2015/9/16 5:00,285.065,420.0,0,0,0
2015/9/16 6:00,334.42,420.0,0,0,0
2015/9/16 7:00,245.14700000000002,419.0,0,0,0
2015/9/16 8:00,458.244,420.0,0,0,0
2015/9/16 9:00,375.474,426.0,0,0,0
2015/9/16 10:00,418.041,426.0,0,0,0
2015/9/16 11:00,403.86300000000006,216.0,0,0,0
2015/9/16 12:00,412.379,214.0,0,0,0
2015/9/16 13:00,504.19300000000004,214.0,0,0,0
2015/9/16 14:00,454.871,214.0,0,0,0
2015/9/16 15:00,453.2,214.0,0,0,0
2015/9/16 16:00,539.318,213.0,0,0,0
2015/9/16 17:00,497.249,214.0,0,0,0
2015/9/16 18:00,463.306,213.0,0,0,0
2015/9/16 19:00,427.991,214.0,0,0,0
2015/9/16 20:00,379.767,214.0,0,0,0
2015/9/16 21:00,360.534,214.0,0,0,0
2015/9/16 22:00,247.625,214.0,0,0,0
2015/9/16 23:00,324.698,214.0,0,0,0
2015/9/17 0:00,265.848,214.0,0,0,0
2015/9/17 1:00,223.97299999999998,186.0,0,0,0
2015/9/17 2:00,136.226,186.0,0,0,0
2015/9/17 3:00,215.16,187.0,0,0,0
2015/9/17 4:00,228.72400000000002,185.0,0,0,0
2015/9/17 5:00,179.831,183.0,0,0,0
2015/9/17 6:00,364.211,184.0,0,0,0
2015/9/17 7:00,343.245,184.0,0,0,0
2015/9/17 8:00,373.413,184.0,0,0,0
2015/9/17 9:00,276.202,184.0,0,0,0
2015/9/17 10:00,220.477,184.0,0,0,0
2015/9/17 11:00,165.753,205.0,0,0,0
2015/9/17 12:00,121.509,207.0,0,0,0
2015/9/17 13:00,168.571,207.0,0,0,0
2015/9/17 14:00,212.516,208.0,0,0,0
2015/9/17 15:00,337.202,207.0,0,0,0
2015/9/17 16:00,252.94799999999998,207.0,0,0,0
2015/9/17 17:00,221.919,226.0,0,0,0
2015/9/17 18:00,150.16,285.0,0,0,0
2015/9/17 19:00,238.357,286.0,0,0,0
2015/9/17 20:00,151.279,286.0,0,0,0
2015/9/17 21:00,156.53,289.0,0,0,0
2015/9/17 22:00,294.034,289.0,0,0,0
2015/9/17 23:00,502.449,287.0,0,0,0
2015/9/18 0:00,384.963,288.0,0,0,0
2015/9/18 1:00,332.19300000000004,199.0,0,0,0
2015/9/18 2:00,417.957,200.0,0,0,0
2015/9/18 3:00,297.035,199.0,0,0,0
2015/9/18 4:00,277.455,200.0,0,0,0
2015/9/18 5:00,176.34,200.0,0,0,0
2015/9/18 6:00,432.026,200.0,0,0,0
2015/9/18 7:00,342.483,200.0,0,0,0
2015/9/18 8:00,390.218,200.0,0,0,0
2015/9/18 9:00,315.121,200.0,0,0,0
2015/9/18 10:00,328.731,199.0,0,0,0
2015/9/18 11:00,367.376,199.0,0,0,0
2015/9/18 12:00,61.711999999999996,200.0,0,0,0
2015/9/18 13:00,217.292,200.0,0,0,1
2015/9/18 14:00,135.42600000000002,199.0,0,0,0
2015/9/18 15:00,292.316,197.0,0,0,0
2015/9/18 16:00,238.014,197.0,0,0,5
2015/9/18 17:00,105.098,198.0,0,0,1
2015/9/18 18:00,209.768,201.0,0,0,0
2015/9/18 19:00,179.243,201.0,0,0,0
2015/9/18 20:00,235.63400000000001,201.0,0,0,1
2015/9/18 21:00,239.523,201.0,0,0,0
2015/9/18 22:00,254.15,201.0,0,0,1
2015/9/18 23:00,388.065,201.0,0,0,0
2015/9/19 0:00,549.639,201.0,0,0,0
2015/9/19 1:00,390.538,198.0,0,0,2
2015/9/19 2:00,346.161,198.0,0,0,1
2015/9/19 3:00,410.348,198.0,0,0,0
2015/9/19 4:00,352.06800000000004,198.0,0,0,2
2015/9/19 5:00,236.562,198.0,0,2,10
2015/9/19 6:00,192.87099999999998,198.0,0,2,7
2015/9/19 7:00,242.761,198.0,0,2,2
2015/9/19 8:00,256.248,198.0,0,1,2
2015/9/19 9:00,252.899,198.0,0,1,5
2015/9/19 10:00,263.562,198.0,0,2,6
2015/9/19 11:00,449.327,196.0,0,2,1
2015/9/19 12:00,257.709,196.0,0,0,1
2015/9/19 13:00,429.226,195.0,0,0,0
2015/9/19 14:00,606.268,196.0,0,0,2
2015/9/19 15:00,570.6569999999999,264.0,0,2,2
2015/9/19 16:00,519.606,265.0,0,6,5
2015/9/19 17:00,292.46299999999997,264.0,0,6,2
2015/9/19 18:00,631.774,264.0,0,0,0
2015/9/19 19:00,556.529,264.0,0,0,2
2015/9/19 20:00,327.584,265.0,0,1,1
2015/9/19 21:00,296.909,309.0,0,1,1
2015/9/19 22:00,635.962,375.0,0,2,1
2015/9/19 23:00,909.6189999999999,375.0,0,2,2
2015/9/20 0:00,776.7339999999999,375.0,0,0,1
2015/9/20 1:00,703.572,431.0,0,0,0
2015/9/20 2:00,811.9830000000001,432.0,0,0,1
2015/9/20 3:00,950.1039999999999,206.0,0,0,0
2015/9/20 4:00,831.809,204.0,0,0,0
2015/9/20 5:00,776.27,204.0,0,0,0
2015/9/20 6:00,831.8430000000001,204.0,0,0,0
2015/9/20 7:00,998.5319999999999,204.0,0,0,0
2015/9/20 8:00,1048.005,204.0,0,1,0
2015/9/20 9:00,974.8489999999999,276.0,0,0,0
2015/9/20 10:00,813.929,553.0,0,0,0
2015/9/20 11:00,817.7639999999999,576.0,0,0,0
2015/9/20 12:00,754.75,640.0,0,0,0
2015/9/20 13:00,710.263,638.0,0,0,0
2015/9/20 14:00,711.738,637.0,0,0,0
2015/9/20 15:00,683.184,638.0,0,0,0
2015/9/20 16:00,789.403,644.0,0,0,0
2015/9/20 17:00,732.965,651.0,0,0,0
2015/9/20 18:00,895.875,532.0,0,0,0
2015/9/20 19:00,940.4069999999999,534.0,0,0,0
2015/9/20 20:00,833.1360000000001,533.0,1,0,0
2015/9/20 21:00,924.7139999999999,534.0,0,0,0
2015/9/20 22:00,1138.827,538.0,0,0,0
2015/9/20 23:00,1112.233,538.0,0,0,0
2015/9/21 0:00,925.289,538.0,0,0,0
2015/9/21 1:00,908.707,562.0,0,0,0
2015/9/21 2:00,842.574,570.0,0,0,0
2015/9/21 3:00,895.1669999999999,572.0,0,0,0
2015/9/21 4:00,761.76,572.0,0,0,0
2015/9/21 5:00,800.745,565.0,1,0,0
2015/9/21 6:00,777.457,565.0,0,0,0
2015/9/21 7:00,815.387,564.0,0,0,0
2015/9/21 8:00,881.51,565.0,0,0,0
2015/9/21 9:00,848.2289999999999,564.0,0,0,0
2015/9/21 10:00,877.929,563.0,0,0,0
2015/9/21 11:00,871.068,440.0,0,0,0
2015/9/21 12:00,868.817,439.0,0,0,0
2015/9/21 13:00,904.196,438.0,0,0,0
2015/9/21 14:00,851.914,438.0,0,0,0
2015/9/21 15:00,846.9169999999999,436.0,0,0,0
2015/9/21 16:00,929.54,435.0,0,0,0
2015/9/21 17:00,506.949,436.0,0,0,0
2015/9/21 18:00,810.6439999999999,437.0,0,0,0
2015/9/21 19:00,599.7869999999999,438.0,0,0,0
2015/9/21 20:00,657.263,437.0,0,0,0
2015/9/21 21:00,598.139,436.0,0,0,0
2015/9/21 22:00,360.522,437.0,0,0,0
2015/9/21 23:00,821.563,438.0,0,0,0
2015/9/22 0:00,523.257,433.0,0,0,0
2015/9/22 1:00,531.003,431.0,0,0,0
2015/9/22 2:00,590.498,432.0,0,0,0
2015/9/22 3:00,598.987,429.0,0,0,0
2015/9/22 4:00,646.9209999999999,429.0,0,0,0
2015/9/22 5:00,550.514,429.0,0,0,0
2015/9/22 6:00,613.794,429.0,0,0,0
2015/9/22 7:00,659.408,429.0,0,0,0
2015/9/22 8:00,645.159,429.0,1,0,0
2015/9/22 9:00,664.97,429.0,1,0,0
2015/9/22 10:00,447.333,288.0,0,0,0
2015/9/22 11:00,620.3340000000001,285.0,0,0,0
2015/9/22 12:00,620.3340000000001,287.0,0,0,0
2015/9/22 13:00,620.3340000000001,286.0,0,0,0
2015/9/22 14:00,620.3340000000001,287.0,0,0,0
2015/9/22 15:00,620.3340000000001,282.0,0,0,0
2015/9/22 16:00,767.7819999999999,282.0,0,0,0
2015/9/22 17:00,448.075,283.0,0,1,0
2015/9/22 18:00,455.12,283.0,0,0,0
2015/9/22 19:00,358.532,483.0,0,0,0
2015/9/22 20:00,339.793,489.0,0,1,0
2015/9/22 21:00,319.519,489.0,0,0,0
2015/9/22 22:00,328.086,488.0,0,0,0
2015/9/22 23:00,476.85699999999997,489.0,0,0,2
2015/9/23 0:00,536.674,495.0,0,0,1
2015/9/23 1:00,477.875,287.0,0,0,1
2015/9/23 2:00,491.17699999999996,283.0,0,0,0
2015/9/23 3:00,581.915,284.0,0,0,1
2015/9/23 4:00,567.719,284.0,0,0,1
2015/9/23 5:00,583.85,284.0,0,0,2
2015/9/23 6:00,646.556,284.0,0,0,2
2015/9/23 7:00,646.832,284.0,0,0,0
2015/9/23 8:00,573.49,285.0,1,0,0
2015/9/23 9:00,503.147,285.0,0,0,0
2015/9/23 10:00,425.38800000000003,285.0,0,0,0
2015/9/23 11:00,363.25699999999995,283.0,0,0,0
2015/9/23 12:00,315.673,284.0,0,0,0
2015/9/23 13:00,464.778,285.0,0,0,0
2015/9/23 14:00,381.837,284.0,0,0,0
2015/9/23 15:00,372.827,285.0,0,0,0
2015/9/23 16:00,517.6,285.0,0,0,0
2015/9/23 17:00,406.23800000000006,284.0,0,0,0
2015/9/23 18:00,404.36800000000005,283.0,0,0,0
2015/9/23 19:00,339.775,284.0,0,0,0
2015/9/23 20:00,274.599,284.0,1,0,0
2015/9/23 21:00,321.718,284.0,0,0,0
2015/9/23 22:00,307.052,284.0,0,0,0
2015/9/23 23:00,476.466,284.0,0,0,0
2015/9/24 0:00,533.302,284.0,0,0,0
2015/9/24 1:00,376.967,287.0,0,0,0
2015/9/24 2:00,578.615,285.0,0,1,0
2015/9/24 3:00,565.018,285.0,0,0,0
2015/9/24 4:00,455.88699999999994,286.0,0,0,1
2015/9/24 5:00,403.09,286.0,0,0,0
2015/9/24 6:00,337.545,286.0,0,0,0
2015/9/24 7:00,353.375,287.0,0,0,0
2015/9/24 8:00,356.272,285.0,0,0,0
2015/9/24 9:00,302.42900000000003,286.0,1,0,0
2015/9/24 10:00,283.302,286.0,0,0,0
2015/9/24 11:00,352.836,285.0,0,0,0
2015/9/24 12:00,404.789,286.0,0,0,0
2015/9/24 13:00,448.47,287.0,0,0,0
2015/9/24 14:00,360.6,286.0,0,0,0
2015/9/24 15:00,420.695,286.0,0,0,0
2015/9/24 16:00,501.548,286.0,0,0,0
2015/9/24 17:00,382.801,286.0,0,0,0
2015/9/24 18:00,357.833,286.0,0,0,3
2015/9/24 19:00,256.191,286.0,0,0,7
2015/9/24 20:00,432.491,287.0,0,0,1
2015/9/24 21:00,344.17400000000004,286.0,0,2,1
2015/9/24 22:00,419.51,287.0,0,2,1
2015/9/24 23:00,566.207,286.0,0,0,2
2015/9/25 0:00,432.37699999999995,285.0,0,2,3
2015/9/25 1:00,535.351,241.0,0,2,0
2015/9/25 2:00,556.186,186.0,0,0,0
2015/9/25 3:00,600.749,186.0,0,0,0
2015/9/25 4:00,491.281,186.0,1,0,1
2015/9/25 5:00,422.245,187.0,0,0,0
2015/9/25 6:00,557.976,187.0,0,0,0
2015/9/25 7:00,539.764,187.0,0,0,0
2015/9/25 8:00,394.374,493.0,0,1,0
2015/9/25 9:00,441.605,513.0,0,0,0
2015/9/25 10:00,384.231,510.0,0,0,0
2015/9/25 11:00,397.14599999999996,421.0,0,0,0
2015/9/25 12:00,261.413,418.0,0,0,0
2015/9/25 13:00,368.845,418.0,0,0,0
2015/9/25 14:00,408.69800000000004,417.0,0,0,0
2015/9/25 15:00,495.2,422.0,0,0,1
2015/9/25 16:00,665.846,423.0,0,0,0
2015/9/25 17:00,710.596,423.0,0,0,0
2015/9/25 18:00,875.8660000000001,416.0,0,0,0
2015/9/25 19:00,738.439,381.0,0,0,0
2015/9/25 20:00,780.07,378.0,0,0,0
2015/9/25 21:00,582.886,378.0,0,0,0
2015/9/25 22:00,481.52099999999996,374.0,0,0,0
2015/9/25 23:00,530.55,374.0,0,0,0
2015/9/26 0:00,500.731,624.0,0,0,0
2015/9/26 1:00,568.8380000000001,648.0,0,0,0
2015/9/26 2:00,649.855,708.0,0,0,0
2015/9/26 3:00,740.586,742.0,0,0,0
2015/9/26 4:00,740.98,746.0,0,0,0
2015/9/26 5:00,638.906,744.0,0,0,0
2015/9/26 6:00,699.3380000000001,743.0,0,0,0
2015/9/26 7:00,788.5239999999999,745.0,0,0,0
2015/9/26 8:00,788.378,746.0,0,0,0
2015/9/26 9:00,842.337,749.0,0,0,0
2015/9/26 10:00,875.166,750.0,1,0,0
2015/9/26 11:00,943.7589999999999,748.0,0,0,0
2015/9/26 12:00,862.666,747.0,0,0,0
2015/9/26 13:00,1017.8430000000001,748.0,0,0,0
2015/9/26 14:00,857.578,749.0,0,0,0
2015/9/26 15:00,887.6010000000001,748.0,0,0,0
2015/9/26 16:00,1064.306,748.0,0,0,0
2015/9/26 17:00,1103.177,750.0,0,0,0
2015/9/26 18:00,1045.768,749.0,0,0,0
2015/9/26 19:00,956.3610000000001,744.0,0,0,0
2015/9/26 20:00,1051.269,743.0,0,0,0
2015/9/26 21:00,1005.947,746.0,0,0,0
2015/9/26 22:00,917.21,744.0,0,0,0
2015/9/26 23:00,923.5,745.0,0,0,0
2015/9/27 0:00,1020.3330000000001,745.0,0,0,0
2015/9/27 1:00,1060.816,685.0,0,0,0
2015/9/27 2:00,1050.813,687.0,0,0,0
2015/9/27 3:00,995.7230000000001,687.0,0,0,0
2015/9/27 4:00,1048.357,687.0,0,0,0
2015/9/27 5:00,946.337,686.0,0,0,0
2015/9/27 6:00,1050.379,687.0,0,0,0
2015/9/27 7:00,938.112,688.0,0,0,0
2015/9/27 8:00,935.318,626.0,1,0,0
2015/9/27 9:00,974.113,576.0,0,0,0
2015/9/27 10:00,915.9830000000001,577.0,0,0,0
2015/9/27 11:00,943.4960000000001,544.0,0,0,0
2015/9/27 12:00,755.14,544.0,0,0,0
2015/9/27 13:00,853.115,545.0,0,0,0
2015/9/27 14:00,883.566,549.0,0,0,0
2015/9/27 15:00,926.711,549.0,0,0,0
2015/9/27 16:00,915.784,551.0,0,0,0
2015/9/27 17:00,836.57,549.0,0,0,0
2015/9/27 18:00,906.748,549.0,0,0,0
2015/9/27 19:00,736.355,549.0,0,0,0
2015/9/27 20:00,692.6469999999999,549.0,0,0,0
2015/9/27 21:00,758.186,549.0,0,0,0
2015/9/27 22:00,636.274,549.0,0,0,0
2015/9/27 23:00,740.564,548.0,0,0,0
2015/9/28 0:00,776.948,548.0,0,0,0
2015/9/28 1:00,779.1080000000001,383.0,0,0,0
2015/9/28 2:00,831.0219999999999,381.0,0,0,0
2015/9/28 3:00,667.105,380.0,0,0,0
2015/9/28 4:00,773.567,381.0,0,0,0
2015/9/28 5:00,754.862,381.0,0,0,0
2015/9/28 6:00,702.222,381.0,0,0,0
2015/9/28 7:00,719.885,381.0,0,0,0
2015/9/28 8:00,599.899,382.0,2,0,0
2015/9/28 9:00,580.711,379.0,0,0,0
2015/9/28 10:00,523.6519999999999,376.0,0,0,0
2015/9/28 11:00,462.0,377.0,0,0,0
2015/9/28 12:00,462.55,375.0,0,0,0
2015/9/28 13:00,440.417,375.0,0,0,0
2015/9/28 14:00,506.475,375.0,0,0,0
2015/9/28 15:00,575.987,376.0,0,0,0
2015/9/28 16:00,515.276,374.0,0,0,0
2015/9/28 17:00,553.183,372.0,0,0,0
2015/9/28 18:00,537.001,571.0,0,0,0
2015/9/28 19:00,530.51,591.0,0,0,0
2015/9/28 20:00,421.485,593.0,0,0,0
2015/9/28 21:00,458.30800000000005,607.0,0,0,0
2015/9/28 22:00,477.283,609.0,0,0,0
2015/9/28 23:00,673.7460000000001,608.0,0,0,0
2015/9/29 0:00,552.415,607.0,0,0,0
2015/9/29 1:00,573.443,386.0,0,0,0
2015/9/29 2:00,707.362,383.0,0,0,0
2015/9/29 3:00,753.5830000000001,383.0,0,0,0
2015/9/29 4:00,706.145,384.0,0,0,0
2015/9/29 5:00,667.695,383.0,0,0,0
2015/9/29 6:00,777.802,377.0,0,0,0
2015/9/29 7:00,675.096,369.0,0,0,0
2015/9/29 8:00,704.558,371.0,1,0,0
2015/9/29 9:00,491.273,376.0,0,0,0
2015/9/29 10:00,551.821,376.0,0,0,0
2015/9/29 11:00,507.597,213.0,0,0,0
2015/9/29 12:00,333.76199999999994,213.0,0,0,0
2015/9/29 13:00,543.455,207.0,0,0,0
2015/9/29 14:00,498.151,205.0,0,0,0
2015/9/29 15:00,431.719,205.0,0,0,0
2015/9/29 16:00,531.006,209.0,0,0,0
2015/9/29 17:00,335.267,209.0,0,0,0
2015/9/29 18:00,461.733,209.0,0,0,0
2015/9/29 19:00,392.38599999999997,208.0,0,0,0
2015/9/29 20:00,270.409,209.0,1,0,0
2015/9/29 21:00,410.014,475.0,0,0,0
2015/9/29 22:00,282.819,508.0,0,0,0
2015/9/29 23:00,334.727,511.0,0,0,0
2015/9/30 0:00,394.04900000000004,512.0,0,0,0
2015/9/30 1:00,307.556,296.0,0,0,0
2015/9/30 2:00,325.496,297.0,0,0,0
2015/9/30 3:00,345.851,297.0,0,0,0
2015/9/30 4:00,419.35,297.0,0,0,0
2015/9/30 5:00,380.069,297.0,0,0,0
2015/9/30 6:00,369.973,296.0,0,0,0
2015/9/30 7:00,556.26,298.0,0,0,0
2015/9/30 8:00,585.944,296.0,0,0,0
2015/9/30 9:00,579.619,296.0,0,0,0
2015/9/30 10:00,383.13199999999995,291.0,0,0,0
2015/9/30 11:00,489.445,367.0,0,0,0
2015/9/30 12:00,461.216,285.0,0,0,0
2015/9/30 13:00,333.84,284.0,0,0,0
2015/9/30 14:00,453.561,284.0,0,0,0
2015/9/30 15:00,375.218,284.0,0,0,0
2015/9/30 16:00,535.766,284.0,0,0,0
2015/9/30 17:00,464.908,284.0,0,0,0
2015/9/30 18:00,499.11199999999997,371.0,0,0,0
2015/9/30 19:00,392.31,375.0,0,0,0
2015/9/30 20:00,314.575,375.0,0,0,0
2015/9/30 21:00,461.60400000000004,375.0,0,0,0
2015/9/30 22:00,417.954,374.0,0,0,0
2015/9/30 23:00,399.44800000000004,374.0,0,0,0
